Workbook

Sheet BEHAVIOURABILITY
B1: Decision Making | C1: Self-Management | D1: Engagement
A2: T1 Rionoscere l'episodio | B2: K&S | D2: MOT
A3: T2 Passi immediati | B3: K&S | C3: SE | D3: MOT
A4: T3 Documentare in sicurezza | B4: K&S, PC | C4: SE | D4: MOT
A5: T4 Segnalare (anche anonimo) | B5: K&S, PC | C5: SE | D5: MOT
A6: T5 Contattare referenti/servizi | B6: K&S | C6: SE | D6: MOT
A7: T6 Supporto alla persona | B7: K&S | C7: SE | D7: MOT
A8: T7 Follow-up del caso | B8: K&S, PC | C8: SE | D8: MOT
A9: T8 Aggregare per prevenzi. | B9: K&S, PC | C9: SE | D9: MOT
A11: SE = Self-Efficacy
A12: K&S = Knowledge & Skills
A13: PC = Personal Control
A14: MOT = Motivation

Sheet Quest.Utente1
B1: Self Efficacy | C1: Scarso | D1: Sufficiente | E1: Buono | F1: Molto Buono | G1: Eccellente | H1: Valore
A2: T2_SE1 | B2: Come valuti il tuo livello di disinvoltura nel loggare velocemente il tuo stato d'animo? | C2: FALSE | D2: FALSE | E2: FALSE | F2: FALSE | G2: TRUE | H2: =IF(C2=TRUE,1,0) + IF(D2=TRUE,2,0) + IF(E2=TRUE,3,0) + IF(F2=TRUE,4,0) + IF(G2=TRUE,5,0) -> 5
A3: T2_SE2 | B3: Come valuti la tua abilità nell'usare gli strumenti forniti (scala, emoji, tag) per loggare l'umore come intendi tu? | C3: FALSE | D3: FALSE | E3: FALSE | F3: FALSE | G3: TRUE | H3: =IF(C3=TRUE,1,0) + IF(D3=TRUE,2,0) + IF(E3=TRUE,3,0) + IF(F3=TRUE,4,0) + IF(G3=TRUE,5,0) -> 5
A4: T3_SE1 | B4: Come valuti il tuo livello di disinvoltura nell'usare la funzione di scrittura guidata per riflettere? | C4: FALSE | D4: FALSE | E4: FALSE | F4: TRUE | G4: FALSE | H4: =IF(C4=TRUE,1,0) + IF(D4=TRUE,2,0) + IF(E4=TRUE,3,0) + IF(F4=TRUE,4,0) + IF(G4=TRUE,5,0) -> 4
A5: T3_SE2 | B5: Come valuti la tua abilità nell'esprimere i tuoi pensieri e sentimenti rispondendo ai prompt proposti? | C5: FALSE | D5: FALSE | E5: FALSE | F5: FALSE | G5: TRUE | H5: =IF(C5=TRUE,1,0) + IF(D5=TRUE,2,0) + IF(E5=TRUE,3,0) + IF(F5=TRUE,4,0) + IF(G5=TRUE,5,0) -> 5
A6: T4_SE1 | B6: Come valuti il tuo livello di disinvoltura nello scrivere liberamente nel diario dell'app? | C6: FALSE | D6: FALSE | E6: FALSE | F6: TRUE | G6: FALSE | H6: =IF(C6=TRUE,1,0) + IF(D6=TRUE,2,0) + IF(E6=TRUE,3,0) + IF(F6=TRUE,4,0) + IF(G6=TRUE,5,0) -> 4
A7: T4_SE2 | B7: Come valuti la tua abilità nell'esprimere liberamente ciò che senti o pensi usando la funzione diario? | C7: FALSE | D7: FALSE | E7: FALSE | F7: FALSE | G7: TRUE | H7: =IF(C7=TRUE,1,0) + IF(D7=TRUE,2,0) + IF(E7=TRUE,3,0) + IF(F7=TRUE,4,0) + IF(G7=TRUE,5,0) -> 5
A8: T5_SE1 | B8: Come valuti il tuo livello di disinvoltura nel consultare le tue registrazioni passate (umore e note)? | C8: FALSE | D8: FALSE | E8: FALSE | F8: FALSE | G8: TRUE | H8: =IF(C8=TRUE,1,0) + IF(D8=TRUE,2,0) + IF(E8=TRUE,3,0) + IF(F8=TRUE,4,0) + IF(G8=TRUE,5,0) -> 5
A9: T5_SE2 | B9: Come valuti la tua abilità nel trovare specifiche informazioni o note all'interno delle tue registrazioni passate? | C9: FALSE | D9: FALSE | E9: FALSE | F9: FALSE | G9: TRUE | H9: =IF(C9=TRUE,1,0) + IF(D9=TRUE,2,0) + IF(E9=TRUE,3,0) + IF(F9=TRUE,4,0) + IF(G9=TRUE,5,0) -> 5
A10: T6_SE1 | B10: Come valuti il tuo livello di disinvoltura nell'accedere e guardare i grafici e le sintesi dei tuoi dati? | C10: FALSE | D10: FALSE | E10: FALSE | F10: FALSE | G10: TRUE | H10: =IF(C10=TRUE,1,0) + IF(D10=TRUE,2,0) + IF(E10=TRUE,3,0) + IF(F10=TRUE,4,0) + IF(G10=TRUE,5,0) -> 5
A11: T6_SE2 | B11: Come valuti la tua abilità nell'interpretare correttamente le informazioni presentate nei grafici e nelle sintesi? | C11: FALSE | D11: FALSE | E11: FALSE | F11: FALSE | G11: TRUE | H11: =IF(C11=TRUE,1,0) + IF(D11=TRUE,2,0) + IF(E11=TRUE,3,0) + IF(F11=TRUE,4,0) + IF(G11=TRUE,5,0) -> 5
A12: T7_SE1 | B12: Come valuti il tuo livello di disinvoltura nell'utilizzare le brevi pratiche guidate (es. respirazione, mindfulness)? | C12: FALSE | D12: FALSE | E12: FALSE | F12: FALSE | G12: TRUE | H12: =IF(C12=TRUE,1,0) + IF(D12=TRUE,2,0) + IF(E12=TRUE,3,0) + IF(F12=TRUE,4,0) + IF(G12=TRUE,5,0) -> 5
A13: T7_SE2 | B13: Come valuti la tua abilità nel seguire le istruzioni e completare efficacemente gli esercizi brevi proposti? | C13: FALSE | D13: FALSE | E13: FALSE | F13: FALSE | G13: TRUE | H13: =IF(C13=TRUE,1,0) + IF(D13=TRUE,2,0) + IF(E13=TRUE,3,0) + IF(F13=TRUE,4,0) + IF(G13=TRUE,5,0) -> 5
B14: Knowledge&Skills | C14: FALSE | D14: FALSE | E14: FALSE | F14: FALSE | G14: FALSE | H14: =IF(C14=TRUE,1,0) + IF(D14=TRUE,2,0) + IF(E14=TRUE,3,0) + IF(F14=TRUE,4,0) + IF(G14=TRUE,5,0) -> 0
A15: T1_KS1 | B15: Che livello di conoscenza hai su come creare un account e impostare le preferenze iniziali nell'app? | C15: FALSE | D15: FALSE | E15: FALSE | F15: FALSE | G15: TRUE | H15: =IF(C15=TRUE,1,0) + IF(D15=TRUE,2,0) + IF(E15=TRUE,3,0) + IF(F15=TRUE,4,0) + IF(G15=TRUE,5,0) -> 5
A16: T1_KS2 | B16: Come valuti la tua competenza nel creare l'account e impostare le preferenze iniziali come desideri? | C16: FALSE | D16: FALSE | E16: TRUE | F16: FALSE | G16: FALSE | H16: =IF(C16=TRUE,1,0) + IF(D16=TRUE,2,0) + IF(E16=TRUE,3,0) + IF(F16=TRUE,4,0) + IF(G16=TRUE,5,0) -> 3
A17: T2_KS1 | B17: Che livello di conoscenza hai su come loggare velocemente il tuo stato d'animo usando gli strumenti dell'app (scala, emoji, tag)? | C17: FALSE | D17: FALSE | E17: FALSE | F17: FALSE | G17: TRUE | H17: =IF(C17=TRUE,1,0) + IF(D17=TRUE,2,0) + IF(E17=TRUE,3,0) + IF(F17=TRUE,4,0) + IF(G17=TRUE,5,0) -> 5
A18: T2_KS2 | B18: Come valuti la tua competenza nel loggare il tuo umore in modo rapido ed efficace? | C18: FALSE | D18: FALSE | E18: FALSE | F18: FALSE | G18: TRUE | H18: =IF(C18=TRUE,1,0) + IF(D18=TRUE,2,0) + IF(E18=TRUE,3,0) + IF(F18=TRUE,4,0) + IF(G18=TRUE,5,0) -> 5
A19: T3_KS1 | B19: Che livello di conoscenza hai su come funziona la funzione di scrittura guidata (rispondere a prompt/domande)? | C19: FALSE | D19: FALSE | E19: FALSE | F19: FALSE | G19: TRUE | H19: =IF(C19=TRUE,1,0) + IF(D19=TRUE,2,0) + IF(E19=TRUE,3,0) + IF(F19=TRUE,4,0) + IF(G19=TRUE,5,0) -> 5
A20: T3_KS2 | B20: Come valuti la tua competenza nel rispondere ai prompt proposti dall'app per riflettere? | C20: FALSE | D20: FALSE | E20: FALSE | F20: FALSE | G20: TRUE | H20: =IF(C20=TRUE,1,0) + IF(D20=TRUE,2,0) + IF(E20=TRUE,3,0) + IF(F20=TRUE,4,0) + IF(G20=TRUE,5,0) -> 5
A21: T4_KS1 | B21: Che livello di conoscenza hai su come usare la funzione diario per la scrittura libera? | C21: FALSE | D21: FALSE | E21: TRUE | F21: FALSE | G21: FALSE | H21: =IF(C21=TRUE,1,0) + IF(D21=TRUE,2,0) + IF(E21=TRUE,3,0) + IF(F21=TRUE,4,0) + IF(G21=TRUE,5,0) -> 3
A22: T4_KS2 | B22: Come valuti la tua competenza nello scrivere liberamente i tuoi pensieri, emozioni o eventi nel diario dell'app? | C22: FALSE | D22: FALSE | E22: FALSE | F22: FALSE | G22: TRUE | H22: =IF(C22=TRUE,1,0) + IF(D22=TRUE,2,0) + IF(E22=TRUE,3,0) + IF(F22=TRUE,4,0) + IF(G22=TRUE,5,0) -> 5
A23: T5_KS1 | B23: Che livello di conoscenza hai su come trovare e consultare le tue registrazioni passate (umore e note del diario)? | C23: FALSE | D23: FALSE | E23: FALSE | F23: FALSE | G23: TRUE | H23: =IF(C23=TRUE,1,0) + IF(D23=TRUE,2,0) + IF(E23=TRUE,3,0) + IF(F23=TRUE,4,0) + IF(G23=TRUE,5,0) -> 5
A24: T5_KS2 | B24: Come valuti la tua competenza nel navigare tra le tue registrazioni passate per ricordare o riflettere? | C24: FALSE | D24: FALSE | E24: FALSE | F24: FALSE | G24: TRUE | H24: =IF(C24=TRUE,1,0) + IF(D24=TRUE,2,0) + IF(E24=TRUE,3,0) + IF(F24=TRUE,4,0) + IF(G24=TRUE,5,0) -> 5
A25: T6_KS1 | B25: Che livello di conoscenza hai su come accedere e interpretare i grafici, calendari o sintesi sull'andamento dell'umore/temi? | C25: FALSE | D25: FALSE | E25: FALSE | F25: FALSE | G25: TRUE | H25: =IF(C25=TRUE,1,0) + IF(D25=TRUE,2,0) + IF(E25=TRUE,3,0) + IF(F25=TRUE,4,0) + IF(G25=TRUE,5,0) -> 5
A26: T6_KS2 | B26: Come valuti la tua competenza nell'utilizzare le visualizzazioni (grafici, ecc.) per capire i tuoi pattern o progressi? | C26: FALSE | D26: FALSE | E26: FALSE | F26: FALSE | G26: TRUE | H26: =IF(C26=TRUE,1,0) + IF(D26=TRUE,2,0) + IF(E26=TRUE,3,0) + IF(F26=TRUE,4,0) + IF(G26=TRUE,5,0) -> 5
... A28: T7_KS2 | B28: Come valuti la tua competenza nell'utilizzare efficacemente gli esercizi brevi per il tuo benessere? | C28: FALSE | D28: FALSE | E28: FALSE | F28: FALSE | G28: TRUE | H28: =IF(C28=TRUE,1,0) + IF(D28=TRUE,2,0) + IF(E28=TRUE,3,0) + IF(F28=TRUE,4,0) + IF(G28=TRUE,5,0) -> 5
B29: Personal Control | C29: FALSE | D29: FALSE | E29: FALSE | F29: FALSE | G29: FALSE | H29: =IF(C29=TRUE,1,0) + IF(D29=TRUE,2,0) + IF(E29=TRUE,3,0) + IF(F29=TRUE,4,0) + IF(G29=TRUE,5,0) -> 0
A30: T3_PC1 | B30: Come giudichi la tua abilità nel gestire eventuali difficoltà o blocchi mentre rispondi ai prompt di scrittura guidata? | C30: FALSE | D30: FALSE | E30: FALSE | F30: FALSE | G30: TRUE | H30: =IF(C30=TRUE,1,0) + IF(D30=TRUE,2,0) + IF(E30=TRUE,3,0) + IF(F30=TRUE,4,0) + IF(G30=TRUE,5,0) -> 5
A31: T3_PC2 | B31: Pensi di avere il controllo su come e quanto approfonditamente rispondere ai prompt di scrittura guidata? | C31: FALSE | D31: FALSE | E31: TRUE | F31: FALSE | G31: FALSE | H31: =IF(C31=TRUE,1,0) + IF(D31=TRUE,2,0) + IF(E31=TRUE,3,0) + IF(F31=TRUE,4,0) + IF(G31=TRUE,5,0) -> 3
A32: T4_PC1 | B32: Come giudichi la tua abilità nel superare un blocco dello scrittore o un'incertezza mentre usi la funzione di scrittura libera? | C32: FALSE | D32: FALSE | E32: FALSE | F32: FALSE | G32: TRUE | H32: =IF(C32=TRUE,1,0) + IF(D32=TRUE,2,0) + IF(E32=TRUE,3,0) + IF(F32=TRUE,4,0) + IF(G32=TRUE,5,0) -> 5
A33: T4_PC2 | B33: Pensi di avere il controllo su cosa, come e quando scrivere nel tuo diario libero? | C33: FALSE | D33: FALSE | E33: FALSE | F33: FALSE | G33: TRUE | H33: =IF(C33=TRUE,1,0) + IF(D33=TRUE,2,0) + IF(E33=TRUE,3,0) + IF(F33=TRUE,4,0) + IF(G33=TRUE,5,0) -> 5
A34: T7_PC1 | B34: Come giudichi la tua abilità nel gestire eventuali distrazioni o difficoltà durante l'esecuzione di un esercizio breve guidato? | C34: FALSE | D34: FALSE | E34: FALSE | F34: FALSE | G34: TRUE | H34: =IF(C34=TRUE,1,0) + IF(D34=TRUE,2,0) + IF(E34=TRUE,3,0) + IF(F34=TRUE,4,0) + IF(G34=TRUE,5,0) -> 5
A35: T7_PC2 | B35: Pensi di avere il controllo su quando e quale esercizio breve scegliere e avviare? | C35: FALSE | D35: FALSE | E35: FALSE | F35: FALSE | G35: TRUE | H35: =IF(C35=TRUE,1,0) + IF(D35=TRUE,2,0) + IF(E35=TRUE,3,0) + IF(F35=TRUE,4,0) + IF(G35=TRUE,5,0) -> 5
B36: Motivation | C36: FALSE | D36: FALSE | E36: FALSE | F36: FALSE | G36: FALSE | H36: =IF(C36=TRUE,1,0) + IF(D36=TRUE,2,0) + IF(E36=TRUE,3,0) + IF(F36=TRUE,4,0) + IF(G36=TRUE,5,0) -> 0
A37: T1_MOT1 | B37: Quanto è facile per te compiere i passi necessari per creare l'account e impostare le preferenze? | C37: FALSE | D37: FALSE | E37: FALSE | F37: FALSE | G37: TRUE | H37: =IF(C37=TRUE,1,0) + IF(D37=TRUE,2,0) + IF(E37=TRUE,3,0) + IF(F37=TRUE,4,0) + IF(G37=TRUE,5,0) -> 5
A38: T1_MOT2 | B38: Quanto è facile per te correggere eventuali errori durante la creazione dell'account o l'impostazione delle preferenze? | C38: FALSE | D38: FALSE | E38: FALSE | F38: FALSE | G38: TRUE | H38: =IF(C38=TRUE,1,0) + IF(D38=TRUE,2,0) + IF(E38=TRUE,3,0) + IF(F38=TRUE,4,0) + IF(G38=TRUE,5,0) -> 5
A39: T2_MOT1 | B39: Quanto è facile per te compiere le azioni per loggare velocemente il tuo umore? | C39: FALSE | D39: FALSE | E39: FALSE | F39: FALSE | G39: TRUE | H39: =IF(C39=TRUE,1,0) + IF(D39=TRUE,2,0) + IF(E39=TRUE,3,0) + IF(F39=TRUE,4,0) + IF(G39=TRUE,5,0) -> 5
A40: T2_MOT2 | B40: Quanto è facile per te correggere un errore se sbagli a loggare l'umore? | C40: FALSE | D40: FALSE | E40: FALSE | F40: FALSE | G40: TRUE | H40: =IF(C40=TRUE,1,0) + IF(D40=TRUE,2,0) + IF(E40=TRUE,3,0) + IF(F40=TRUE,4,0) + IF(G40=TRUE,5,0) -> 5
A41: T3_MOT1 | B41: Quanto è facile per te iniziare e completare una sessione di scrittura guidata quando proposto dall'app? | C41: FALSE | D41: FALSE | E41: FALSE | F41: FALSE | G41: TRUE | H41: =IF(C41=TRUE,1,0) + IF(D41=TRUE,2,0) + IF(E41=TRUE,3,0) + IF(F41=TRUE,4,0) + IF(G41=TRUE,5,0) -> 5
A42: T3_MOT2 | B42: Quanto è facile per te modificare o correggere quello che hai scritto in risposta a un prompt? | C42: FALSE | D42: FALSE | E42: FALSE | F42: FALSE | G42: TRUE | H42: =IF(C42=TRUE,1,0) + IF(D42=TRUE,2,0) + IF(E42=TRUE,3,0) + IF(F42=TRUE,4,0) + IF(G42=TRUE,5,0) -> 5
A43: T4_MOT1 | B43: Quanto è facile per te decidere di usare e poi effettivamente scrivere nel diario libero? | C43: FALSE | D43: FALSE | E43: FALSE | F43: FALSE | G43: TRUE | H43: =IF(C43=TRUE,1,0) + IF(D43=TRUE,2,0) + IF(E43=TRUE,3,0) + IF(F43=TRUE,4,0) + IF(G43=TRUE,5,0) -> 5
A44: T4_MOT2 | B44: Quanto è facile per te modificare, cancellare o correggere le tue note nel diario libero? | C44: FALSE | D44: FALSE | E44: FALSE | F44: FALSE | G44: TRUE | H44: =IF(C44=TRUE,1,0) + IF(D44=TRUE,2,0) + IF(E44=TRUE,3,0) + IF(F44=TRUE,4,0) + IF(G44=TRUE,5,0) -> 5
A45: T5_MOT1 | B45: Quanto è facile per te accedere e scorrere le tue registrazioni passate quando vuoi farlo? | C45: FALSE | D45: FALSE | E45: FALSE | F45: FALSE | G45: TRUE | H45: =IF(C45=TRUE,1,0) + IF(D45=TRUE,2,0) + IF(E45=TRUE,3,0) + IF(F45=TRUE,4,0) + IF(G45=TRUE,5,0) -> 5
A46: T5_MOT2 | B46: Quanto è facile per te orientarti e non perderti mentre consulti le tue registrazioni passate? | C46: FALSE | D46: FALSE | E46: FALSE | F46: FALSE | G46: TRUE | H46: =IF(C46=TRUE,1,0) + IF(D46=TRUE,2,0) + IF(E46=TRUE,3,0) + IF(F46=TRUE,4,0) + IF(G46=TRUE,5,0) -> 5
A47: T6_MOT1 | B47: Quanto è facile per te accedere alle visualizzazioni dei pattern quando sei interessato a vederle? | C47: FALSE | D47: FALSE | E47: FALSE | F47: FALSE | G47: TRUE | H47: =IF(C47=TRUE,1,0) + IF(D47=TRUE,2,0) + IF(E47=TRUE,3,0) + IF(F47=TRUE,4,0) + IF(G47=TRUE,5,0) -> 5
A48: T6_MOT2 | B48: Quanto è facile per te capire come interagire con i grafici (es. cambiare periodo, vedere dettagli) se necessario? | C48: FALSE | D48: FALSE | E48: FALSE | F48: FALSE | G48: TRUE | H48: =IF(C48=TRUE,1,0) + IF(D48=TRUE,2,0) + IF(E48=TRUE,3,0) + IF(F48=TRUE,4,0) + IF(G48=TRUE,5,0) -> 5
... A50: T7_MOT2 | B50: Quanto è facile per te ripetere un esercizio o provarne uno diverso se il primo non ti ha soddisfatto? | C50: FALSE | D50: FALSE | E50: FALSE | F50: FALSE | G50: TRUE | H50: =IF(C50=TRUE,1,0) + IF(D50=TRUE,2,0) + IF(E50=TRUE,3,0) + IF(F50=TRUE,4,0) + IF(G50=TRUE,5,0) -> 5

Sheet Quest.Utente2
B1: Self Efficacy | C1: Scarso | D1: Sufficiente | E1: Buono | F1: Molto Buono | G1: Eccellente | H1: Valore
A2: T2_SE1 | B2: Come valuti il tuo livello di disinvoltura nel loggare velocemente il tuo stato d'animo? | C2: FALSE | D2: FALSE | E2: FALSE | F2: FALSE | G2: TRUE | H2: =IF(C2=TRUE,1,0) + IF(D2=TRUE,2,0) + IF(E2=TRUE,3,0) + IF(F2=TRUE,4,0) + IF(G2=TRUE,5,0) -> 5
A3: T2_SE2 | B3: Come valuti la tua abilità nell'usare gli strumenti forniti (scala, emoji, tag) per loggare l'umore come intendi tu? | C3: FALSE | D3: FALSE | E3: FALSE | F3: FALSE | G3: TRUE | H3: =IF(C3=TRUE,1,0) + IF(D3=TRUE,2,0) + IF(E3=TRUE,3,0) + IF(F3=TRUE,4,0) + IF(G3=TRUE,5,0) -> 5
A4: T3_SE1 | B4: Come valuti il tuo livello di disinvoltura nell'usare la funzione di scrittura guidata per riflettere? | C4: FALSE | D4: FALSE | E4: FALSE | F4: FALSE | G4: TRUE | H4: =IF(C4=TRUE,1,0) + IF(D4=TRUE,2,0) + IF(E4=TRUE,3,0) + IF(F4=TRUE,4,0) + IF(G4=TRUE,5,0) -> 5
A5: T3_SE2 | B5: Come valuti la tua abilità nell'esprimere i tuoi pensieri e sentimenti rispondendo ai prompt proposti? | C5: FALSE | D5: FALSE | E5: FALSE | F5: FALSE | G5: TRUE | H5: =IF(C5=TRUE,1,0) + IF(D5=TRUE,2,0) + IF(E5=TRUE,3,0) + IF(F5=TRUE,4,0) + IF(G5=TRUE,5,0) -> 5
A6: T4_SE1 | B6: Come valuti il tuo livello di disinvoltura nello scrivere liberamente nel diario dell'app? | C6: FALSE | D6: FALSE | E6: FALSE | F6: FALSE | G6: TRUE | H6: =IF(C6=TRUE,1,0) + IF(D6=TRUE,2,0) + IF(E6=TRUE,3,0) + IF(F6=TRUE,4,0) + IF(G6=TRUE,5,0) -> 5
A7: T4_SE2 | B7: Come valuti la tua abilità nell'esprimere liberamente ciò che senti o pensi usando la funzione diario? | C7: FALSE | D7: FALSE | E7: FALSE | F7: FALSE | G7: TRUE | H7: =IF(C7=TRUE,1,0) + IF(D7=TRUE,2,0) + IF(E7=TRUE,3,0) + IF(F7=TRUE,4,0) + IF(G7=TRUE,5,0) -> 5
A8: T5_SE1 | B8: Come valuti il tuo livello di disinvoltura nel consultare le tue registrazioni passate (umore e note)? | C8: FALSE | D8: FALSE | E8: FALSE | F8: FALSE | G8: TRUE | H8: =IF(C8=TRUE,1,0) + IF(D8=TRUE,2,0) + IF(E8=TRUE,3,0) + IF(F8=TRUE,4,0) + IF(G8=TRUE,5,0) -> 5
A9: T5_SE2 | B9: Come valuti la tua abilità nel trovare specifiche informazioni o note all'interno delle tue registrazioni passate? | C9: FALSE | D9: FALSE | E9: FALSE | F9: FALSE | G9: TRUE | H9: =IF(C9=TRUE,1,0) + IF(D9=TRUE,2,0) + IF(E9=TRUE,3,0) + IF(F9=TRUE,4,0) + IF(G9=TRUE,5,0) -> 5
A10: T6_SE1 | B10: Come valuti il tuo livello di disinvoltura nell'accedere e guardare i grafici e le sintesi dei tuoi dati? | C10: FALSE | D10: FALSE | E10: FALSE | F10: FALSE | G10: TRUE | H10: =IF(C10=TRUE,1,0) + IF(D10=TRUE,2,0) + IF(E10=TRUE,3,0) + IF(F10=TRUE,4,0) + IF(G10=TRUE,5,0) -> 5
A11: T6_SE2 | B11: Come valuti la tua abilità nell'interpretare correttamente le informazioni presentate nei grafici e nelle sintesi? | C11: FALSE | D11: FALSE | E11: FALSE | F11: FALSE | G11: TRUE | H11: =IF(C11=TRUE,1,0) + IF(D11=TRUE,2,0) + IF(E11=TRUE,3,0) + IF(F11=TRUE,4,0) + IF(G11=TRUE,5,0) -> 5
A12: T7_SE1 | B12: Come valuti il tuo livello di disinvoltura nell'utilizzare le brevi pratiche guidate (es. respirazione, mindfulness)? | C12: FALSE | D12: FALSE | E12: FALSE | F12: FALSE | G12: TRUE | H12: =IF(C12=TRUE,1,0) + IF(D12=TRUE,2,0) + IF(E12=TRUE,3,0) + IF(F12=TRUE,4,0) + IF(G12=TRUE,5,0) -> 5
A13: T7_SE2 | B13: Come valuti la tua abilità nel seguire le istruzioni e completare efficacemente gli esercizi brevi proposti? | C13: FALSE | D13: FALSE | E13: FALSE | F13: FALSE | G13: TRUE | H13: =IF(C13=TRUE,1,0) + IF(D13=TRUE,2,0) + IF(E13=TRUE,3,0) + IF(F13=TRUE,4,0) + IF(G13=TRUE,5,0) -> 5
B14: Knowledge&Skills | C14: FALSE | D14: FALSE | E14: FALSE | F14: FALSE | G14: FALSE | H14: =IF(C14=TRUE,1,0) + IF(D14=TRUE,2,0) + IF(E14=TRUE,3,0) + IF(F14=TRUE,4,0) + IF(G14=TRUE,5,0) -> 0
A15: T1_KS1 | B15: Che livello di conoscenza hai su come creare un account e impostare le preferenze iniziali nell'app? | C15: FALSE | D15: FALSE | E15: FALSE | F15: TRUE | G15: FALSE | H15: =IF(C15=TRUE,1,0) + IF(D15=TRUE,2,0) + IF(E15=TRUE,3,0) + IF(F15=TRUE,4,0) + IF(G15=TRUE,5,0) -> 4
A16: T1_KS2 | B16: Come valuti la tua competenza nel creare l'account e impostare le preferenze iniziali come desideri? | C16: FALSE | D16: FALSE | E16: TRUE | F16: FALSE | G16: FALSE | H16: =IF(C16=TRUE,1,0) + IF(D16=TRUE,2,0) + IF(E16=TRUE,3,0) + IF(F16=TRUE,4,0) + IF(G16=TRUE,5,0) -> 3
A17: T2_KS1 | B17: Che livello di conoscenza hai su come loggare velocemente il tuo stato d'animo usando gli strumenti dell'app (scala, emoji, tag)? | C17: FALSE | D17: FALSE | E17: FALSE | F17: FALSE | G17: TRUE | H17: =IF(C17=TRUE,1,0) + IF(D17=TRUE,2,0) + IF(E17=TRUE,3,0) + IF(F17=TRUE,4,0) + IF(G17=TRUE,5,0) -> 5
A18: T2_KS2 | B18: Come valuti la tua competenza nel loggare il tuo umore in modo rapido ed efficace? | C18: FALSE | D18: FALSE | E18: FALSE | F18: FALSE | G18: TRUE | H18: =IF(C18=TRUE,1,0) + IF(D18=TRUE,2,0) + IF(E18=TRUE,3,0) + IF(F18=TRUE,4,0) + IF(G18=TRUE,5,0) -> 5
A19: T3_KS1 | B19: Che livello di conoscenza hai su come funziona la funzione di scrittura guidata (rispondere a prompt/domande)? | C19: FALSE | D19: FALSE | E19: FALSE | F19: TRUE | G19: FALSE | H19: =IF(C19=TRUE,1,0) + IF(D19=TRUE,2,0) + IF(E19=TRUE,3,0) + IF(F19=TRUE,4,0) + IF(G19=TRUE,5,0) -> 4
A20: T3_KS2 | B20: Come valuti la tua competenza nel rispondere ai prompt proposti dall'app per riflettere? | C20: FALSE | D20: FALSE | E20: FALSE | F20: FALSE | G20: TRUE | H20: =IF(C20=TRUE,1,0) + IF(D20=TRUE,2,0) + IF(E20=TRUE,3,0) + IF(F20=TRUE,4,0) + IF(G20=TRUE,5,0) -> 5
A21: T4_KS1 | B21: Che livello di conoscenza hai su come usare la funzione diario per la scrittura libera? | C21: FALSE | D21: FALSE | E21: FALSE | F21: TRUE | G21: FALSE | H21: =IF(C21=TRUE,1,0) + IF(D21=TRUE,2,0) + IF(E21=TRUE,3,0) + IF(F21=TRUE,4,0) + IF(G21=TRUE,5,0) -> 4
A22: T4_KS2 | B22: Come valuti la tua competenza nello scrivere liberamente i tuoi pensieri, emozioni o eventi nel diario dell'app? | C22: FALSE | D22: FALSE | E22: FALSE | F22: TRUE | G22: FALSE | H22: =IF(C22=TRUE,1,0) + IF(D22=TRUE,2,0) + IF(E22=TRUE,3,0) + IF(F22=TRUE,4,0) + IF(G22=TRUE,5,0) -> 4
A23: T5_KS1 | B23: Che livello di conoscenza hai su come trovare e consultare le tue registrazioni passate (umore e note del diario)? | C23: FALSE | D23: FALSE | E23: FALSE | F23: TRUE | G23: FALSE | H23: =IF(C23=TRUE,1,0) + IF(D23=TRUE,2,0) + IF(E23=TRUE,3,0) + IF(F23=TRUE,4,0) + IF(G23=TRUE,5,0) -> 4
A24: T5_KS2 | B24: Come valuti la tua competenza nel navigare tra le tue registrazioni passate per ricordare o riflettere? | C24: FALSE | D24: FALSE | E24: FALSE | F24: FALSE | G24: TRUE | H24: =IF(C24=TRUE,1,0) + IF(D24=TRUE,2,0) + IF(E24=TRUE,3,0) + IF(F24=TRUE,4,0) + IF(G24=TRUE,5,0) -> 5
A25: T6_KS1 | B25: Che livello di conoscenza hai su come accedere e interpretare i grafici, calendari o sintesi sull'andamento dell'umore/temi? | C25: FALSE | D25: FALSE | E25: FALSE | F25: FALSE | G25: TRUE | H25: =IF(C25=TRUE,1,0) + IF(D25=TRUE,2,0) + IF(E25=TRUE,3,0) + IF(F25=TRUE,4,0) + IF(G25=TRUE,5,0) -> 5
A26: T6_KS2 | B26: Come valuti la tua competenza nell'utilizzare le visualizzazioni (grafici, ecc.) per capire i tuoi pattern o progressi? | C26: FALSE | D26: FALSE | E26: FALSE | F26: FALSE | G26: TRUE | H26: =IF(C26=TRUE,1,0) + IF(D26=TRUE,2,0) + IF(E26=TRUE,3,0) + IF(F26=TRUE,4,0) + IF(G26=TRUE,5,0) -> 5
... A28: T7_KS2 | B28: Come valuti la tua competenza nell'utilizzare efficacemente gli esercizi brevi per il tuo benessere? | C28: FALSE | D28: FALSE | E28: FALSE | F28: FALSE | G28: TRUE | H28: =IF(C28=TRUE,1,0) + IF(D28=TRUE,2,0) + IF(E28=TRUE,3,0) + IF(F28=TRUE,4,0) + IF(G28=TRUE,5,0) -> 5
B29: Personal Control | C29: FALSE | D29: FALSE | E29: FALSE | F29: FALSE | G29: FALSE | H29: =IF(C29=TRUE,1,0) + IF(D29=TRUE,2,0) + IF(E29=TRUE,3,0) + IF(F29=TRUE,4,0) + IF(G29=TRUE,5,0) -> 0
A30: T3_PC1 | B30: Come giudichi la tua abilità nel gestire eventuali difficoltà o blocchi mentre rispondi ai prompt di scrittura guidata? | C30: FALSE | D30: FALSE | E30: FALSE | F30: FALSE | G30: TRUE | H30: =IF(C30=TRUE,1,0) + IF(D30=TRUE,2,0) + IF(E30=TRUE,3,0) + IF(F30=TRUE,4,0) + IF(G30=TRUE,5,0) -> 5
A31: T3_PC2 | B31: Pensi di avere il controllo su come e quanto approfonditamente rispondere ai prompt di scrittura guidata? | C31: FALSE | D31: FALSE | E31: FALSE | F31: FALSE | G31: TRUE | H31: =IF(C31=TRUE,1,0) + IF(D31=TRUE,2,0) + IF(E31=TRUE,3,0) + IF(F31=TRUE,4,0) + IF(G31=TRUE,5,0) -> 5
A32: T4_PC1 | B32: Come giudichi la tua abilità nel superare un blocco dello scrittore o un'incertezza mentre usi la funzione di scrittura libera? | C32: FALSE | D32: FALSE | E32: FALSE | F32: FALSE | G32: TRUE | H32: =IF(C32=TRUE,1,0) + IF(D32=TRUE,2,0) + IF(E32=TRUE,3,0) + IF(F32=TRUE,4,0) + IF(G32=TRUE,5,0) -> 5
A33: T4_PC2 | B33: Pensi di avere il controllo su cosa, come e quando scrivere nel tuo diario libero? | C33: FALSE | D33: FALSE | E33: FALSE | F33: FALSE | G33: TRUE | H33: =IF(C33=TRUE,1,0) + IF(D33=TRUE,2,0) + IF(E33=TRUE,3,0) + IF(F33=TRUE,4,0) + IF(G33=TRUE,5,0) -> 5
A34: T7_PC1 | B34: Come giudichi la tua abilità nel gestire eventuali distrazioni o difficoltà durante l'esecuzione di un esercizio breve guidato? | C34: FALSE | D34: FALSE | E34: FALSE | F34: TRUE | G34: FALSE | H34: =IF(C34=TRUE,1,0) + IF(D34=TRUE,2,0) + IF(E34=TRUE,3,0) + IF(F34=TRUE,4,0) + IF(G34=TRUE,5,0) -> 4
A35: T7_PC2 | B35: Pensi di avere il controllo su quando e quale esercizio breve scegliere e avviare? | C35: FALSE | D35: FALSE | E35: FALSE | F35: FALSE | G35: TRUE | H35: =IF(C35=TRUE,1,0) + IF(D35=TRUE,2,0) + IF(E35=TRUE,3,0) + IF(F35=TRUE,4,0) + IF(G35=TRUE,5,0) -> 5
B36: Motivation | C36: FALSE | D36: FALSE | E36: FALSE | F36: FALSE | G36: FALSE | H36: =IF(C36=TRUE,1,0) + IF(D36=TRUE,2,0) + IF(E36=TRUE,3,0) + IF(F36=TRUE,4,0) + IF(G36=TRUE,5,0) -> 0
A37: T1_MOT1 | B37: Quanto è facile per te compiere i passi necessari per creare l'account e impostare le preferenze? | C37: FALSE | D37: FALSE | E37: FALSE | F37: FALSE | G37: TRUE | H37: =IF(C37=TRUE,1,0) + IF(D37=TRUE,2,0) + IF(E37=TRUE,3,0) + IF(F37=TRUE,4,0) + IF(G37=TRUE,5,0) -> 5
A38: T1_MOT2 | B38: Quanto è facile per te correggere eventuali errori durante la creazione dell'account o l'impostazione delle preferenze? | C38: FALSE | D38: FALSE | E38: FALSE | F38: FALSE | G38: TRUE | H38: =IF(C38=TRUE,1,0) + IF(D38=TRUE,2,0) + IF(E38=TRUE,3,0) + IF(F38=TRUE,4,0) + IF(G38=TRUE,5,0) -> 5
A39: T2_MOT1 | B39: Quanto è facile per te compiere le azioni per loggare velocemente il tuo umore? | C39: FALSE | D39: FALSE | E39: FALSE | F39: FALSE | G39: TRUE | H39: =IF(C39=TRUE,1,0) + IF(D39=TRUE,2,0) + IF(E39=TRUE,3,0) + IF(F39=TRUE,4,0) + IF(G39=TRUE,5,0) -> 5
A40: T2_MOT2 | B40: Quanto è facile per te correggere un errore se sbagli a loggare l'umore? | C40: FALSE | D40: FALSE | E40: TRUE | F40: FALSE | G40: FALSE | H40: =IF(C40=TRUE,1,0) + IF(D40=TRUE,2,0) + IF(E40=TRUE,3,0) + IF(F40=TRUE,4,0) + IF(G40=TRUE,5,0) -> 3
A41: T3_MOT1 | B41: Quanto è facile per te iniziare e completare una sessione di scrittura guidata quando proposto dall'app? | C41: FALSE | D41: FALSE | E41: FALSE | F41: TRUE | G41: FALSE | H41: =IF(C41=TRUE,1,0) + IF(D41=TRUE,2,0) + IF(E41=TRUE,3,0) + IF(F41=TRUE,4,0) + IF(G41=TRUE,5,0) -> 4
A42: T3_MOT2 | B42: Quanto è facile per te modificare o correggere quello che hai scritto in risposta a un prompt? | C42: FALSE | D42: FALSE | E42: FALSE | F42: TRUE | G42: FALSE | H42: =IF(C42=TRUE,1,0) + IF(D42=TRUE,2,0) + IF(E42=TRUE,3,0) + IF(F42=TRUE,4,0) + IF(G42=TRUE,5,0) -> 4
A43: T4_MOT1 | B43: Quanto è facile per te decidere di usare e poi effettivamente scrivere nel diario libero? | C43: FALSE | D43: FALSE | E43: FALSE | F43: FALSE | G43: TRUE | H43: =IF(C43=TRUE,1,0) + IF(D43=TRUE,2,0) + IF(E43=TRUE,3,0) + IF(F43=TRUE,4,0) + IF(G43=TRUE,5,0) -> 5
A44: T4_MOT2 | B44: Quanto è facile per te modificare, cancellare o correggere le tue note nel diario libero? | C44: FALSE | D44: FALSE | E44: FALSE | F44: FALSE | G44: TRUE | H44: =IF(C44=TRUE,1,0) + IF(D44=TRUE,2,0) + IF(E44=TRUE,3,0) + IF(F44=TRUE,4,0) + IF(G44=TRUE,5,0) -> 5
A45: T5_MOT1 | B45: Quanto è facile per te accedere e scorrere le tue registrazioni passate quando vuoi farlo? | C45: FALSE | D45: FALSE | E45: FALSE | F45: FALSE | G45: TRUE | H45: =IF(C45=TRUE,1,0) + IF(D45=TRUE,2,0) + IF(E45=TRUE,3,0) + IF(F45=TRUE,4,0) + IF(G45=TRUE,5,0) -> 5
A46: T5_MOT2 | B46: Quanto è facile per te orientarti e non perderti mentre consulti le tue registrazioni passate? | C46: FALSE | D46: FALSE | E46: FALSE | F46: FALSE | G46: TRUE | H46: =IF(C46=TRUE,1,0) + IF(D46=TRUE,2,0) + IF(E46=TRUE,3,0) + IF(F46=TRUE,4,0) + IF(G46=TRUE,5,0) -> 5
A47: T6_MOT1 | B47: Quanto è facile per te accedere alle visualizzazioni dei pattern quando sei interessato a vederle? | C47: FALSE | D47: FALSE | E47: FALSE | F47: FALSE | G47: TRUE | H47: =IF(C47=TRUE,1,0) + IF(D47=TRUE,2,0) + IF(E47=TRUE,3,0) + IF(F47=TRUE,4,0) + IF(G47=TRUE,5,0) -> 5
A48: T6_MOT2 | B48: Quanto è facile per te capire come interagire con i grafici (es. cambiare periodo, vedere dettagli) se necessario? | C48: FALSE | D48: FALSE | E48: FALSE | F48: FALSE | G48: TRUE | H48: =IF(C48=TRUE,1,0) + IF(D48=TRUE,2,0) + IF(E48=TRUE,3,0) + IF(F48=TRUE,4,0) + IF(G48=TRUE,5,0) -> 5
... A50: T7_MOT2 | B50: Quanto è facile per te ripetere un esercizio o provarne uno diverso se il primo non ti ha soddisfatto? | C50: FALSE | D50: FALSE | E50: FALSE | F50: TRUE | G50: TRUE | H50: =IF(C50=TRUE,1,0) + IF(D50=TRUE,2,0) + IF(E50=TRUE,3,0) + IF(F50=TRUE,4,0) + IF(G50=TRUE,5,0) -> 9

Sheet Quest.Utente3
B1: Self Efficacy | C1: Scarso | D1: Sufficiente | E1: Buono | F1: Molto Buono | G1: Eccellente | H1: Valore
A2: T2_SE1 | B2: Come valuti il tuo livello di disinvoltura nel loggare velocemente il tuo stato d'animo? | C2: FALSE | D2: FALSE | E2: FALSE | F2: FALSE | G2: TRUE | H2: =IF(C2=TRUE,1,0) + IF(D2=TRUE,2,0) + IF(E2=TRUE,3,0) + IF(F2=TRUE,4,0) + IF(G2=TRUE,5,0) -> 5
A3: T2_SE2 | B3: Come valuti la tua abilità nell'usare gli strumenti forniti (scala, emoji, tag) per loggare l'umore come intendi tu? | C3: FALSE | D3: FALSE | E3: FALSE | F3: TRUE | G3: FALSE | H3: =IF(C3=TRUE,1,0) + IF(D3=TRUE,2,0) + IF(E3=TRUE,3,0) + IF(F3=TRUE,4,0) + IF(G3=TRUE,5,0) -> 4
A4: T3_SE1 | B4: Come valuti il tuo livello di disinvoltura nell'usare la funzione di scrittura guidata per riflettere? | C4: FALSE | D4: FALSE | E4: FALSE | F4: TRUE | G4: FALSE | H4: =IF(C4=TRUE,1,0) + IF(D4=TRUE,2,0) + IF(E4=TRUE,3,0) + IF(F4=TRUE,4,0) + IF(G4=TRUE,5,0) -> 4
A5: T3_SE2 | B5: Come valuti la tua abilità nell'esprimere i tuoi pensieri e sentimenti rispondendo ai prompt proposti? | C5: FALSE | D5: FALSE | E5: FALSE | F5: TRUE | G5: FALSE | H5: =IF(C5=TRUE,1,0) + IF(D5=TRUE,2,0) + IF(E5=TRUE,3,0) + IF(F5=TRUE,4,0) + IF(G5=TRUE,5,0) -> 4
A6: T4_SE1 | B6: Come valuti il tuo livello di disinvoltura nello scrivere liberamente nel diario dell'app? | C6: FALSE | D6: FALSE | E6: FALSE | F6: TRUE | G6: FALSE | H6: =IF(C6=TRUE,1,0) + IF(D6=TRUE,2,0) + IF(E6=TRUE,3,0) + IF(F6=TRUE,4,0) + IF(G6=TRUE,5,0) -> 4
A7: T4_SE2 | B7: Come valuti la tua abilità nell'esprimere liberamente ciò che senti o pensi usando la funzione diario? | C7: FALSE | D7: FALSE | E7: FALSE | F7: FALSE | G7: TRUE | H7: =IF(C7=TRUE,1,0) + IF(D7=TRUE,2,0) + IF(E7=TRUE,3,0) + IF(F7=TRUE,4,0) + IF(G7=TRUE,5,0) -> 5
A8: T5_SE1 | B8: Come valuti il tuo livello di disinvoltura nel consultare le tue registrazioni passate (umore e note)? | C8: FALSE | D8: FALSE | E8: FALSE | F8: TRUE | G8: FALSE | H8: =IF(C8=TRUE,1,0) + IF(D8=TRUE,2,0) + IF(E8=TRUE,3,0) + IF(F8=TRUE,4,0) + IF(G8=TRUE,5,0) -> 4
A9: T5_SE2 | B9: Come valuti la tua abilità nel trovare specifiche informazioni o note all'interno delle tue registrazioni passate? | C9: FALSE | D9: FALSE | E9: FALSE | F9: FALSE | G9: TRUE | H9: =IF(C9=TRUE,1,0) + IF(D9=TRUE,2,0) + IF(E9=TRUE,3,0) + IF(F9=TRUE,4,0) + IF(G9=TRUE,5,0) -> 5
A10: T6_SE1 | B10: Come valuti il tuo livello di disinvoltura nell'accedere e guardare i grafici e le sintesi dei tuoi dati? | C10: FALSE | D10: FALSE | E10: TRUE | F10: FALSE | G10: FALSE | H10: =IF(C10=TRUE,1,0) + IF(D10=TRUE,2,0) + IF(E10=TRUE,3,0) + IF(F10=TRUE,4,0) + IF(G10=TRUE,5,0) -> 3
A11: T6_SE2 | B11: Come valuti la tua abilità nell'interpretare correttamente le informazioni presentate nei grafici e nelle sintesi? | C11: FALSE | D11: FALSE | E11: FALSE | F11: FALSE | G11: TRUE | H11: =IF(C11=TRUE,1,0) + IF(D11=TRUE,2,0) + IF(E11=TRUE,3,0) + IF(F11=TRUE,4,0) + IF(G11=TRUE,5,0) -> 5
A12: T7_SE1 | B12: Come valuti il tuo livello di disinvoltura nell'utilizzare le brevi pratiche guidate (es. respirazione, mindfulness)? | C12: FALSE | D12: FALSE | E12: FALSE | F12: FALSE | G12: TRUE | H12: =IF(C12=TRUE,1,0) + IF(D12=TRUE,2,0) + IF(E12=TRUE,3,0) + IF(F12=TRUE,4,0) + IF(G12=TRUE,5,0) -> 5
A13: T7_SE2 | B13: Come valuti la tua abilità nel seguire le istruzioni e completare efficacemente gli esercizi brevi proposti? | C13: FALSE | D13: FALSE | E13: TRUE | F13: FALSE | G13: FALSE | H13: =IF(C13=TRUE,1,0) + IF(D13=TRUE,2,0) + IF(E13=TRUE,3,0) + IF(F13=TRUE,4,0) + IF(G13=TRUE,5,0) -> 3
B14: Knowledge&Skills | C14: FALSE | D14: FALSE | E14: FALSE | F14: FALSE | G14: FALSE | H14: =IF(C14=TRUE,1,0) + IF(D14=TRUE,2,0) + IF(E14=TRUE,3,0) + IF(F14=TRUE,4,0) + IF(G14=TRUE,5,0) -> 0
A15: T1_KS1 | B15: Che livello di conoscenza hai su come creare un account e impostare le preferenze iniziali nell'app? | C15: FALSE | D15: FALSE | E15: TRUE | F15: FALSE | G15: FALSE | H15: =IF(C15=TRUE,1,0) + IF(D15=TRUE,2,0) + IF(E15=TRUE,3,0) + IF(F15=TRUE,4,0) + IF(G15=TRUE,5,0) -> 3
A16: T1_KS2 | B16: Come valuti la tua competenza nel creare l'account e impostare le preferenze iniziali come desideri? | C16: FALSE | D16: FALSE | E16: FALSE | F16: FALSE | G16: TRUE | H16: =IF(C16=TRUE,1,0) + IF(D16=TRUE,2,0) + IF(E16=TRUE,3,0) + IF(F16=TRUE,4,0) + IF(G16=TRUE,5,0) -> 5
A17: T2_KS1 | B17: Che livello di conoscenza hai su come loggare velocemente il tuo stato d'animo usando gli strumenti dell'app (scala, emoji, tag)? | C17: FALSE | D17: FALSE | E17: FALSE | F17: FALSE | G17: TRUE | H17: =IF(C17=TRUE,1,0) + IF(D17=TRUE,2,0) + IF(E17=TRUE,3,0) + IF(F17=TRUE,4,0) + IF(G17=TRUE,5,0) -> 5
A18: T2_KS2 | B18: Come valuti la tua competenza nel loggare il tuo umore in modo rapido ed efficace? | C18: FALSE | D18: FALSE | E18: FALSE | F18: FALSE | G18: FALSE | H18: =IF(C18=TRUE,1,0) + IF(D18=TRUE,2,0) + IF(E18=TRUE,3,0) + IF(F18=TRUE,4,0) + IF(G18=TRUE,5,0) -> 0
A19: T3_KS1 | B19: Che livello di conoscenza hai su come funziona la funzione di scrittura guidata (rispondere a prompt/domande)? | C19: FALSE | D19: FALSE | E19: FALSE | F19: TRUE | G19: TRUE | H19: =IF(C19=TRUE,1,0) + IF(D19=TRUE,2,0) + IF(E19=TRUE,3,0) + IF(F19=TRUE,4,0) + IF(G19=TRUE,5,0) -> 9
A20: T3_KS2 | B20: Come valuti la tua competenza nel rispondere ai prompt proposti dall'app per riflettere? | C20: FALSE | D20: FALSE | E20: FALSE | F20: FALSE | G20: TRUE | H20: =IF(C20=TRUE,1,0) + IF(D20=TRUE,2,0) + IF(E20=TRUE,3,0) + IF(F20=TRUE,4,0) + IF(G20=TRUE,5,0) -> 5
A21: T4_KS1 | B21: Che livello di conoscenza hai su come usare la funzione diario per la scrittura libera? | C21: FALSE | D21: FALSE | E21: FALSE | F21: TRUE | G21: FALSE | H21: =IF(C21=TRUE,1,0) + IF(D21=TRUE,2,0) + IF(E21=TRUE,3,0) + IF(F21=TRUE,4,0) + IF(G21=TRUE,5,0) -> 4
A22: T4_KS2 | B22: Come valuti la tua competenza nello scrivere liberamente i tuoi pensieri, emozioni o eventi nel diario dell'app? | C22: FALSE | D22: FALSE | E22: FALSE | F22: FALSE | G22: TRUE | H22: =IF(C22=TRUE,1,0) + IF(D22=TRUE,2,0) + IF(E22=TRUE,3,0) + IF(F22=TRUE,4,0) + IF(G22=TRUE,5,0) -> 5
A23: T5_KS1 | B23: Che livello di conoscenza hai su come trovare e consultare le tue registrazioni passate (umore e note del diario)? | C23: FALSE | D23: FALSE | E23: FALSE | F23: FALSE | G23: TRUE | H23: =IF(C23=TRUE,1,0) + IF(D23=TRUE,2,0) + IF(E23=TRUE,3,0) + IF(F23=TRUE,4,0) + IF(G23=TRUE,5,0) -> 5
A24: T5_KS2 | B24: Come valuti la tua competenza nel navigare tra le tue registrazioni passate per ricordare o riflettere? | C24: FALSE | D24: FALSE | E24: FALSE | F24: FALSE | G24: TRUE | H24: =IF(C24=TRUE,1,0) + IF(D24=TRUE,2,0) + IF(E24=TRUE,3,0) + IF(F24=TRUE,4,0) + IF(G24=TRUE,5,0) -> 5
A25: T6_KS1 | B25: Che livello di conoscenza hai su come accedere e interpretare i grafici, calendari o sintesi sull'andamento dell'umore/temi? | C25: FALSE | D25: FALSE | E25: FALSE | F25: TRUE | G25: FALSE | H25: =IF(C25=TRUE,1,0) + IF(D25=TRUE,2,0) + IF(E25=TRUE,3,0) + IF(F25=TRUE,4,0) + IF(G25=TRUE,5,0) -> 4
A26: T6_KS2 | B26: Come valuti la tua competenza nell'utilizzare le visualizzazioni (grafici, ecc.) per capire i tuoi pattern o progressi? | C26: FALSE | D26: FALSE | E26: FALSE | F26: FALSE | G26: TRUE | H26: =IF(C26=TRUE,1,0) + IF(D26=TRUE,2,0) + IF(E26=TRUE,3,0) + IF(F26=TRUE,4,0) + IF(G26=TRUE,5,0) -> 5
... A28: T7_KS2 | B28: Come valuti la tua competenza nell'utilizzare efficacemente gli esercizi brevi per il tuo benessere? | C28: FALSE | D28: FALSE | E28: FALSE | F28: TRUE | G28: FALSE | H28: =IF(C28=TRUE,1,0) + IF(D28=TRUE,2,0) + IF(E28=TRUE,3,0) + IF(F28=TRUE,4,0) + IF(G28=TRUE,5,0) -> 4
B29: Personal Control | C29: FALSE | D29: FALSE | E29: FALSE | F29: FALSE | G29: FALSE | H29: =IF(C29=TRUE,1,0) + IF(D29=TRUE,2,0) + IF(E29=TRUE,3,0) + IF(F29=TRUE,4,0) + IF(G29=TRUE,5,0) -> 0
A30: T3_PC1 | B30: Come giudichi la tua abilità nel gestire eventuali difficoltà o blocchi mentre rispondi ai prompt di scrittura guidata? | C30: FALSE | D30: FALSE | E30: TRUE | F30: FALSE | G30: FALSE | H30: =IF(C30=TRUE,1,0) + IF(D30=TRUE,2,0) + IF(E30=TRUE,3,0) + IF(F30=TRUE,4,0) + IF(G30=TRUE,5,0) -> 3
A31: T3_PC2 | B31: Pensi di avere il controllo su come e quanto approfonditamente rispondere ai prompt di scrittura guidata? | C31: FALSE | D31: FALSE | E31: FALSE | F31: FALSE | G31: TRUE | H31: =IF(C31=TRUE,1,0) + IF(D31=TRUE,2,0) + IF(E31=TRUE,3,0) + IF(F31=TRUE,4,0) + IF(G31=TRUE,5,0) -> 5
A32: T4_PC1 | B32: Come giudichi la tua abilità nel superare un blocco dello scrittore o un'incertezza mentre usi la funzione di scrittura libera? | C32: FALSE | D32: FALSE | E32: TRUE | F32: FALSE | G32: FALSE | H32: =IF(C32=TRUE,1,0) + IF(D32=TRUE,2,0) + IF(E32=TRUE,3,0) + IF(F32=TRUE,4,0) + IF(G32=TRUE,5,0) -> 3
A33: T4_PC2 | B33: Pensi di avere il controllo su cosa, come e quando scrivere nel tuo diario libero? | C33: FALSE | D33: FALSE | E33: FALSE | F33: TRUE | G33: FALSE | H33: =IF(C33=TRUE,1,0) + IF(D33=TRUE,2,0) + IF(E33=TRUE,3,0) + IF(F33=TRUE,4,0) + IF(G33=TRUE,5,0) -> 4
A34: T7_PC1 | B34: Come giudichi la tua abilità nel gestire eventuali distrazioni o difficoltà durante l'esecuzione di un esercizio breve guidato? | C34: FALSE | D34: FALSE | E34: FALSE | F34: FALSE | G34: TRUE | H34: =IF(C34=TRUE,1,0) + IF(D34=TRUE,2,0) + IF(E34=TRUE,3,0) + IF(F34=TRUE,4,0) + IF(G34=TRUE,5,0) -> 5
A35: T7_PC2 | B35: Pensi di avere il controllo su quando e quale esercizio breve scegliere e avviare? | C35: FALSE | D35: FALSE | E35: FALSE | F35: FALSE | G35: TRUE | H35: =IF(C35=TRUE,1,0) + IF(D35=TRUE,2,0) + IF(E35=TRUE,3,0) + IF(F35=TRUE,4,0) + IF(G35=TRUE,5,0) -> 5
B36: Motivation | C36: FALSE | D36: FALSE | E36: FALSE | F36: FALSE | G36: FALSE | H36: =IF(C36=TRUE,1,0) + IF(D36=TRUE,2,0) + IF(E36=TRUE,3,0) + IF(F36=TRUE,4,0) + IF(G36=TRUE,5,0) -> 0
A37: T1_MOT1 | B37: Quanto è facile per te compiere i passi necessari per creare l'account e impostare le preferenze? | C37: FALSE | D37: FALSE | E37: FALSE | F37: FALSE | G37: TRUE | H37: =IF(C37=TRUE,1,0) + IF(D37=TRUE,2,0) + IF(E37=TRUE,3,0) + IF(F37=TRUE,4,0) + IF(G37=TRUE,5,0) -> 5
A38: T1_MOT2 | B38: Quanto è facile per te correggere eventuali errori durante la creazione dell'account o l'impostazione delle preferenze? | C38: FALSE | D38: FALSE | E38: TRUE | F38: FALSE | G38: FALSE | H38: =IF(C38=TRUE,1,0) + IF(D38=TRUE,2,0) + IF(E38=TRUE,3,0) + IF(F38=TRUE,4,0) + IF(G38=TRUE,5,0) -> 3
A39: T2_MOT1 | B39: Quanto è facile per te compiere le azioni per loggare velocemente il tuo umore? | C39: FALSE | D39: FALSE | E39: TRUE | F39: FALSE | G39: FALSE | H39: =IF(C39=TRUE,1,0) + IF(D39=TRUE,2,0) + IF(E39=TRUE,3,0) + IF(F39=TRUE,4,0) + IF(G39=TRUE,5,0) -> 3
A40: T2_MOT2 | B40: Quanto è facile per te correggere un errore se sbagli a loggare l'umore? | C40: FALSE | D40: FALSE | E40: FALSE | F40: FALSE | G40: TRUE | H40: =IF(C40=TRUE,1,0) + IF(D40=TRUE,2,0) + IF(E40=TRUE,3,0) + IF(F40=TRUE,4,0) + IF(G40=TRUE,5,0) -> 5
A41: T3_MOT1 | B41: Quanto è facile per te iniziare e completare una sessione di scrittura guidata quando proposto dall'app? | C41: FALSE | D41: FALSE | E41: FALSE | F41: FALSE | G41: TRUE | H41: =IF(C41=TRUE,1,0) + IF(D41=TRUE,2,0) + IF(E41=TRUE,3,0) + IF(F41=TRUE,4,0) + IF(G41=TRUE,5,0) -> 5
A42: T3_MOT2 | B42: Quanto è facile per te modificare o correggere quello che hai scritto in risposta a un prompt? | C42: FALSE | D42: FALSE | E42: FALSE | F42: FALSE | G42: TRUE | H42: =IF(C42=TRUE,1,0) + IF(D42=TRUE,2,0) + IF(E42=TRUE,3,0) + IF(F42=TRUE,4,0) + IF(G42=TRUE,5,0) -> 5
A43: T4_MOT1 | B43: Quanto è facile per te decidere di usare e poi effettivamente scrivere nel diario libero? | C43: FALSE | D43: FALSE | E43: FALSE | F43: FALSE | G43: TRUE | H43: =IF(C43=TRUE,1,0) + IF(D43=TRUE,2,0) + IF(E43=TRUE,3,0) + IF(F43=TRUE,4,0) + IF(G43=TRUE,5,0) -> 5
A44: T4_MOT2 | B44: Quanto è facile per te modificare, cancellare o correggere le tue note nel diario libero? | C44: FALSE | D44: FALSE | E44: TRUE | F44: FALSE | G44: FALSE | H44: =IF(C44=TRUE,1,0) + IF(D44=TRUE,2,0) + IF(E44=TRUE,3,0) + IF(F44=TRUE,4,0) + IF(G44=TRUE,5,0) -> 3
A45: T5_MOT1 | B45: Quanto è facile per te accedere e scorrere le tue registrazioni passate quando vuoi farlo? | C45: FALSE | D45: FALSE | E45: FALSE | F45: FALSE | G45: TRUE | H45: =IF(C45=TRUE,1,0) + IF(D45=TRUE,2,0) + IF(E45=TRUE,3,0) + IF(F45=TRUE,4,0) + IF(G45=TRUE,5,0) -> 5
A46: T5_MOT2 | B46: Quanto è facile per te orientarti e non perderti mentre consulti le tue registrazioni passate? | C46: FALSE | D46: FALSE | E46: FALSE | F46: FALSE | G46: TRUE | H46: =IF(C46=TRUE,1,0) + IF(D46=TRUE,2,0) + IF(E46=TRUE,3,0) + IF(F46=TRUE,4,0) + IF(G46=TRUE,5,0) -> 5
A47: T6_MOT1 | B47: Quanto è facile per te accedere alle visualizzazioni dei pattern quando sei interessato a vederle? | C47: FALSE | D47: FALSE | E47: FALSE | F47: FALSE | G47: TRUE | H47: =IF(C47=TRUE,1,0) + IF(D47=TRUE,2,0) + IF(E47=TRUE,3,0) + IF(F47=TRUE,4,0) + IF(G47=TRUE,5,0) -> 5
A48: T6_MOT2 | B48: Quanto è facile per te capire come interagire con i grafici (es. cambiare periodo, vedere dettagli) se necessario? | C48: FALSE | D48: FALSE | E48: FALSE | F48: FALSE | G48: TRUE | H48: =IF(C48=TRUE,1,0) + IF(D48=TRUE,2,0) + IF(E48=TRUE,3,0) + IF(F48=TRUE,4,0) + IF(G48=TRUE,5,0) -> 5
... A50: T7_MOT2 | B50: Quanto è facile per te ripetere un esercizio o provarne uno diverso se il primo non ti ha soddisfatto? | C50: FALSE | D50: FALSE | E50: FALSE | F50: FALSE | G50: TRUE | H50: =IF(C50=TRUE,1,0) + IF(D50=TRUE,2,0) + IF(E50=TRUE,3,0) + IF(F50=TRUE,4,0) + IF(G50=TRUE,5,0) -> 5

Sheet Quest.Utente4
B1: Self Efficacy | C1: Scarso | D1: Sufficiente | E1: Buono | F1: Molto Buono | G1: Eccellente | H1: Valore
A2: T2_SE1 | B2: Come valuti il tuo livello di disinvoltura nel loggare velocemente il tuo stato d'animo? | C2: FALSE | D2: FALSE | E2: FALSE | F2: FALSE | G2: TRUE | H2: =IF(C2=TRUE,1,0) + IF(D2=TRUE,2,0) + IF(E2=TRUE,3,0) + IF(F2=TRUE,4,0) + IF(G2=TRUE,5,0) -> 5
A3: T2_SE2 | B3: Come valuti la tua abilità nell'usare gli strumenti forniti (scala, emoji, tag) per loggare l'umore come intendi tu? | C3: FALSE | D3: FALSE | E3: FALSE | F3: TRUE | G3: FALSE | H3: =IF(C3=TRUE,1,0) + IF(D3=TRUE,2,0) + IF(E3=TRUE,3,0) + IF(F3=TRUE,4,0) + IF(G3=TRUE,5,0) -> 4
A4: T3_SE1 | B4: Come valuti il tuo livello di disinvoltura nell'usare la funzione di scrittura guidata per riflettere? | C4: FALSE | D4: FALSE | E4: FALSE | F4: FALSE | G4: TRUE | H4: =IF(C4=TRUE,1,0) + IF(D4=TRUE,2,0) + IF(E4=TRUE,3,0) + IF(F4=TRUE,4,0) + IF(G4=TRUE,5,0) -> 5
A5: T3_SE2 | B5: Come valuti la tua abilità nell'esprimere i tuoi pensieri e sentimenti rispondendo ai prompt proposti? | C5: FALSE | D5: FALSE | E5: FALSE | F5: FALSE | G5: TRUE | H5: =IF(C5=TRUE,1,0) + IF(D5=TRUE,2,0) + IF(E5=TRUE,3,0) + IF(F5=TRUE,4,0) + IF(G5=TRUE,5,0) -> 5
A6: T4_SE1 | B6: Come valuti il tuo livello di disinvoltura nello scrivere liberamente nel diario dell'app? | C6: FALSE | D6: FALSE | E6: FALSE | F6: FALSE | G6: FALSE | H6: =IF(C6=TRUE,1,0) + IF(D6=TRUE,2,0) + IF(E6=TRUE,3,0) + IF(F6=TRUE,4,0) + IF(G6=TRUE,5,0) -> 0
A7: T4_SE2 | B7: Come valuti la tua abilità nell'esprimere liberamente ciò che senti o pensi usando la funzione diario? | C7: FALSE | D7: FALSE | E7: FALSE | F7: TRUE | G7: FALSE | H7: =IF(C7=TRUE,1,0) + IF(D7=TRUE,2,0) + IF(E7=TRUE,3,0) + IF(F7=TRUE,4,0) + IF(G7=TRUE,5,0) -> 4
A8: T5_SE1 | B8: Come valuti il tuo livello di disinvoltura nel consultare le tue registrazioni passate (umore e note)? | C8: FALSE | D8: FALSE | E8: FALSE | F8: TRUE | G8: FALSE | H8: =IF(C8=TRUE,1,0) + IF(D8=TRUE,2,0) + IF(E8=TRUE,3,0) + IF(F8=TRUE,4,0) + IF(G8=TRUE,5,0) -> 4
A9: T5_SE2 | B9: Come valuti la tua abilità nel trovare specifiche informazioni o note all'interno delle tue registrazioni passate? | C9: FALSE | D9: FALSE | E9: FALSE | F9: FALSE | G9: TRUE | H9: =IF(C9=TRUE,1,0) + IF(D9=TRUE,2,0) + IF(E9=TRUE,3,0) + IF(F9=TRUE,4,0) + IF(G9=TRUE,5,0) -> 5
A10: T6_SE1 | B10: Come valuti il tuo livello di disinvoltura nell'accedere e guardare i grafici e le sintesi dei tuoi dati? | C10: FALSE | D10: FALSE | E10: FALSE | F10: TRUE | G10: FALSE | H10: =IF(C10=TRUE,1,0) + IF(D10=TRUE,2,0) + IF(E10=TRUE,3,0) + IF(F10=TRUE,4,0) + IF(G10=TRUE,5,0) -> 4
A11: T6_SE2 | B11: Come valuti la tua abilità nell'interpretare correttamente le informazioni presentate nei grafici e nelle sintesi? | C11: FALSE | D11: FALSE | E11: FALSE | F11: TRUE | G11: FALSE | H11: =IF(C11=TRUE,1,0) + IF(D11=TRUE,2,0) + IF(E11=TRUE,3,0) + IF(F11=TRUE,4,0) + IF(G11=TRUE,5,0) -> 4
A12: T7_SE1 | B12: Come valuti il tuo livello di disinvoltura nell'utilizzare le brevi pratiche guidate (es. respirazione, mindfulness)? | C12: FALSE | D12: FALSE | E12: TRUE | F12: FALSE | G12: FALSE | H12: =IF(C12=TRUE,1,0) + IF(D12=TRUE,2,0) + IF(E12=TRUE,3,0) + IF(F12=TRUE,4,0) + IF(G12=TRUE,5,0) -> 3
A13: T7_SE2 | B13: Come valuti la tua abilità nel seguire le istruzioni e completare efficacemente gli esercizi brevi proposti? | C13: FALSE | D13: FALSE | E13: FALSE | F13: FALSE | G13: TRUE | H13: =IF(C13=TRUE,1,0) + IF(D13=TRUE,2,0) + IF(E13=TRUE,3,0) + IF(F13=TRUE,4,0) + IF(G13=TRUE,5,0) -> 5
B14: Knowledge&Skills | C14: FALSE | D14: FALSE | E14: FALSE | F14: FALSE | G14: FALSE | H14: =IF(C14=TRUE,1,0) + IF(D14=TRUE,2,0) + IF(E14=TRUE,3,0) + IF(F14=TRUE,4,0) + IF(G14=TRUE,5,0) -> 0
A15: T1_KS1 | B15: Che livello di conoscenza hai su come creare un account e impostare le preferenze iniziali nell'app? | C15: FALSE | D15: FALSE | E15: FALSE | F15: FALSE | G15: FALSE | H15: =IF(C15=TRUE,1,0) + IF(D15=TRUE,2,0) + IF(E15=TRUE,3,0) + IF(F15=TRUE,4,0) + IF(G15=TRUE,5,0) -> 0
A16: T1_KS2 | B16: Come valuti la tua competenza nel creare l'account e impostare le preferenze iniziali come desideri? | C16: FALSE | D16: FALSE | E16: FALSE | F16: TRUE | G16: FALSE | H16: =IF(C16=TRUE,1,0) + IF(D16=TRUE,2,0) + IF(E16=TRUE,3,0) + IF(F16=TRUE,4,0) + IF(G16=TRUE,5,0) -> 4
A17: T2_KS1 | B17: Che livello di conoscenza hai su come loggare velocemente il tuo stato d'animo usando gli strumenti dell'app (scala, emoji, tag)? | C17: FALSE | D17: FALSE | E17: FALSE | F17: FALSE | G17: FALSE | H17: =IF(C17=TRUE,1,0) + IF(D17=TRUE,2,0) + IF(E17=TRUE,3,0) + IF(F17=TRUE,4,0) + IF(G17=TRUE,5,0) -> 0
A18: T2_KS2 | B18: Come valuti la tua competenza nel loggare il tuo umore in modo rapido ed efficace? | C18: FALSE | D18: FALSE | E18: FALSE | F18: FALSE | G18: TRUE | H18: =IF(C18=TRUE,1,0) + IF(D18=TRUE,2,0) + IF(E18=TRUE,3,0) + IF(F18=TRUE,4,0) + IF(G18=TRUE,5,0) -> 5
A19: T3_KS1 | B19: Che livello di conoscenza hai su come funziona la funzione di scrittura guidata (rispondere a prompt/domande)? | C19: FALSE | D19: FALSE | E19: FALSE | F19: FALSE | G19: TRUE | H19: =IF(C19=TRUE,1,0) + IF(D19=TRUE,2,0) + IF(E19=TRUE,3,0) + IF(F19=TRUE,4,0) + IF(G19=TRUE,5,0) -> 5
A20: T3_KS2 | B20: Come valuti la tua competenza nel rispondere ai prompt proposti dall'app per riflettere? | C20: FALSE | D20: FALSE | E20: FALSE | F20: FALSE | G20: FALSE | H20: =IF(C20=TRUE,1,0) + IF(D20=TRUE,2,0) + IF(E20=TRUE,3,0) + IF(F20=TRUE,4,0) + IF(G20=TRUE,5,0) -> 0
A21: T4_KS1 | B21: Che livello di conoscenza hai su come usare la funzione diario per la scrittura libera? | C21: FALSE | D21: FALSE | E21: FALSE | F21: TRUE | G21: FALSE | H21: =IF(C21=TRUE,1,0) + IF(D21=TRUE,2,0) + IF(E21=TRUE,3,0) + IF(F21=TRUE,4,0) + IF(G21=TRUE,5,0) -> 4
A22: T4_KS2 | B22: Come valuti la tua competenza nello scrivere liberamente i tuoi pensieri, emozioni o eventi nel diario dell'app? | C22: FALSE | D22: FALSE | E22: FALSE | F22: FALSE | G22: FALSE | H22: =IF(C22=TRUE,1,0) + IF(D22=TRUE,2,0) + IF(E22=TRUE,3,0) + IF(F22=TRUE,4,0) + IF(G22=TRUE,5,0) -> 0
A23: T5_KS1 | B23: Che livello di conoscenza hai su come trovare e consultare le tue registrazioni passate (umore e note del diario)? | C23: FALSE | D23: FALSE | E23: FALSE | F23: FALSE | G23: FALSE | H23: =IF(C23=TRUE,1,0) + IF(D23=TRUE,2,0) + IF(E23=TRUE,3,0) + IF(F23=TRUE,4,0) + IF(G23=TRUE,5,0) -> 0
A24: T5_KS2 | B24: Come valuti la tua competenza nel navigare tra le tue registrazioni passate per ricordare o riflettere? | C24: FALSE | D24: FALSE | E24: FALSE | F24: FALSE | G24: TRUE | H24: =IF(C24=TRUE,1,0) + IF(D24=TRUE,2,0) + IF(E24=TRUE,3,0) + IF(F24=TRUE,4,0) + IF(G24=TRUE,5,0) -> 5
A25: T6_KS1 | B25: Che livello di conoscenza hai su come accedere e interpretare i grafici, calendari o sintesi sull'andamento dell'umore/temi? | C25: FALSE | D25: FALSE | E25: FALSE | F25: FALSE | G25: FALSE | H25: =IF(C25=TRUE,1,0) + IF(D25=TRUE,2,0) + IF(E25=TRUE,3,0) + IF(F25=TRUE,4,0) + IF(G25=TRUE,5,0) -> 0
A26: T6_KS2 | B26: Come valuti la tua competenza nell'utilizzare le visualizzazioni (grafici, ecc.) per capire i tuoi pattern o progressi? | C26: FALSE | D26: FALSE | E26: FALSE | F26: TRUE | G26: FALSE | H26: =IF(C26=TRUE,1,0) + IF(D26=TRUE,2,0) + IF(E26=TRUE,3,0) + IF(F26=TRUE,4,0) + IF(G26=TRUE,5,0) -> 4
... A28: T7_KS2 | B28: Come valuti la tua competenza nell'utilizzare efficacemente gli esercizi brevi per il tuo benessere? | C28: FALSE | D28: FALSE | E28: FALSE | F28: TRUE | G28: TRUE | H28: =IF(C28=TRUE,1,0) + IF(D28=TRUE,2,0) + IF(E28=TRUE,3,0) + IF(F28=TRUE,4,0) + IF(G28=TRUE,5,0) -> 9
B29: Personal Control | C29: FALSE | D29: FALSE | E29: FALSE | F29: FALSE | G29: FALSE | H29: =IF(C29=TRUE,1,0) + IF(D29=TRUE,2,0) + IF(E29=TRUE,3,0) + IF(F29=TRUE,4,0) + IF(G29=TRUE,5,0) -> 0
A30: T3_PC1 | B30: Come giudichi la tua abilità nel gestire eventuali difficoltà o blocchi mentre rispondi ai prompt di scrittura guidata? | C30: FALSE | D30: FALSE | E30: FALSE | F30: TRUE | G30: FALSE | H30: =IF(C30=TRUE,1,0) + IF(D30=TRUE,2,0) + IF(E30=TRUE,3,0) + IF(F30=TRUE,4,0) + IF(G30=TRUE,5,0) -> 4
A31: T3_PC2 | B31: Pensi di avere il controllo su come e quanto approfonditamente rispondere ai prompt di scrittura guidata? | C31: FALSE | D31: FALSE | E31: FALSE | F31: FALSE | G31: TRUE | H31: =IF(C31=TRUE,1,0) + IF(D31=TRUE,2,0) + IF(E31=TRUE,3,0) + IF(F31=TRUE,4,0) + IF(G31=TRUE,5,0) -> 5
A32: T4_PC1 | B32: Come giudichi la tua abilità nel superare un blocco dello scrittore o un'incertezza mentre usi la funzione di scrittura libera? | C32: FALSE | D32: FALSE | E32: FALSE | F32: FALSE | G32: FALSE | H32: =IF(C32=TRUE,1,0) + IF(D32=TRUE,2,0) + IF(E32=TRUE,3,0) + IF(F32=TRUE,4,0) + IF(G32=TRUE,5,0) -> 0
A33: T4_PC2 | B33: Pensi di avere il controllo su cosa, come e quando scrivere nel tuo diario libero? | C33: FALSE | D33: FALSE | E33: FALSE | F33: TRUE | G33: FALSE | H33: =IF(C33=TRUE,1,0) + IF(D33=TRUE,2,0) + IF(E33=TRUE,3,0) + IF(F33=TRUE,4,0) + IF(G33=TRUE,5,0) -> 4
A34: T7_PC1 | B34: Come giudichi la tua abilità nel gestire eventuali distrazioni o difficoltà durante l'esecuzione di un esercizio breve guidato? | C34: FALSE | D34: FALSE | E34: TRUE | F34: FALSE | G34: FALSE | H34: =IF(C34=TRUE,1,0) + IF(D34=TRUE,2,0) + IF(E34=TRUE,3,0) + IF(F34=TRUE,4,0) + IF(G34=TRUE,5,0) -> 3
A35: T7_PC2 | B35: Pensi di avere il controllo su quando e quale esercizio breve scegliere e avviare? | C35: FALSE | D35: FALSE | E35: FALSE | F35: FALSE | G35: TRUE | H35: =IF(C35=TRUE,1,0) + IF(D35=TRUE,2,0) + IF(E35=TRUE,3,0) + IF(F35=TRUE,4,0) + IF(G35=TRUE,5,0) -> 5
B36: Motivation | C36: FALSE | D36: FALSE | E36: FALSE | F36: FALSE | G36: FALSE | H36: =IF(C36=TRUE,1,0) + IF(D36=TRUE,2,0) + IF(E36=TRUE,3,0) + IF(F36=TRUE,4,0) + IF(G36=TRUE,5,0) -> 0
A37: T1_MOT1 | B37: Quanto è facile per te compiere i passi necessari per creare l'account e impostare le preferenze? | C37: FALSE | D37: FALSE | E37: FALSE | F37: TRUE | G37: FALSE | H37: =IF(C37=TRUE,1,0) + IF(D37=TRUE,2,0) + IF(E37=TRUE,3,0) + IF(F37=TRUE,4,0) + IF(G37=TRUE,5,0) -> 4
A38: T1_MOT2 | B38: Quanto è facile per te correggere eventuali errori durante la creazione dell'account o l'impostazione delle preferenze? | C38: FALSE | D38: FALSE | E38: TRUE | F38: FALSE | G38: FALSE | H38: =IF(C38=TRUE,1,0) + IF(D38=TRUE,2,0) + IF(E38=TRUE,3,0) + IF(F38=TRUE,4,0) + IF(G38=TRUE,5,0) -> 3
A39: T2_MOT1 | B39: Quanto è facile per te compiere le azioni per loggare velocemente il tuo umore? | C39: FALSE | D39: FALSE | E39: FALSE | F39: TRUE | G39: FALSE | H39: =IF(C39=TRUE,1,0) + IF(D39=TRUE,2,0) + IF(E39=TRUE,3,0) + IF(F39=TRUE,4,0) + IF(G39=TRUE,5,0) -> 4
A40: T2_MOT2 | B40: Quanto è facile per te correggere un errore se sbagli a loggare l'umore? | C40: FALSE | D40: FALSE | E40: FALSE | F40: FALSE | G40: TRUE | H40: =IF(C40=TRUE,1,0) + IF(D40=TRUE,2,0) + IF(E40=TRUE,3,0) + IF(F40=TRUE,4,0) + IF(G40=TRUE,5,0) -> 5
A41: T3_MOT1 | B41: Quanto è facile per te iniziare e completare una sessione di scrittura guidata quando proposto dall'app? | C41: FALSE | D41: FALSE | E41: FALSE | F41: TRUE | G41: FALSE | H41: =IF(C41=TRUE,1,0) + IF(D41=TRUE,2,0) + IF(E41=TRUE,3,0) + IF(F41=TRUE,4,0) + IF(G41=TRUE,5,0) -> 4
A42: T3_MOT2 | B42: Quanto è facile per te modificare o correggere quello che hai scritto in risposta a un prompt? | C42: FALSE | D42: FALSE | E42: TRUE | F42: FALSE | G42: FALSE | H42: =IF(C42=TRUE,1,0) + IF(D42=TRUE,2,0) + IF(E42=TRUE,3,0) + IF(F42=TRUE,4,0) + IF(G42=TRUE,5,0) -> 3
A43: T4_MOT1 | B43: Quanto è facile per te decidere di usare e poi effettivamente scrivere nel diario libero? | C43: FALSE | D43: FALSE | E43: FALSE | F43: FALSE | G43: TRUE | H43: =IF(C43=TRUE,1,0) + IF(D43=TRUE,2,0) + IF(E43=TRUE,3,0) + IF(F43=TRUE,4,0) + IF(G43=TRUE,5,0) -> 5
A44: T4_MOT2 | B44: Quanto è facile per te modificare, cancellare o correggere le tue note nel diario libero? | C44: FALSE | D44: FALSE | E44: FALSE | F44: FALSE | G44: TRUE | H44: =IF(C44=TRUE,1,0) + IF(D44=TRUE,2,0) + IF(E44=TRUE,3,0) + IF(F44=TRUE,4,0) + IF(G44=TRUE,5,0) -> 5
A45: T5_MOT1 | B45: Quanto è facile per te accedere e scorrere le tue registrazioni passate quando vuoi farlo? | C45: FALSE | D45: FALSE | E45: FALSE | F45: TRUE | G45: FALSE | H45: =IF(C45=TRUE,1,0) + IF(D45=TRUE,2,0) + IF(E45=TRUE,3,0) + IF(F45=TRUE,4,0) + IF(G45=TRUE,5,0) -> 4
A46: T5_MOT2 | B46: Quanto è facile per te orientarti e non perderti mentre consulti le tue registrazioni passate? | C46: FALSE | D46: FALSE | E46: FALSE | F46: FALSE | G46: FALSE | H46: =IF(C46=TRUE,1,0) + IF(D46=TRUE,2,0) + IF(E46=TRUE,3,0) + IF(F46=TRUE,4,0) + IF(G46=TRUE,5,0) -> 0
A47: T6_MOT1 | B47: Quanto è facile per te accedere alle visualizzazioni dei pattern quando sei interessato a vederle? | C47: FALSE | D47: FALSE | E47: FALSE | F47: TRUE | G47: FALSE | H47: =IF(C47=TRUE,1,0) + IF(D47=TRUE,2,0) + IF(E47=TRUE,3,0) + IF(F47=TRUE,4,0) + IF(G47=TRUE,5,0) -> 4
A48: T6_MOT2 | B48: Quanto è facile per te capire come interagire con i grafici (es. cambiare periodo, vedere dettagli) se necessario? | C48: FALSE | D48: FALSE | E48: FALSE | F48: TRUE | G48: FALSE | H48: =IF(C48=TRUE,1,0) + IF(D48=TRUE,2,0) + IF(E48=TRUE,3,0) + IF(F48=TRUE,4,0) + IF(G48=TRUE,5,0) -> 4
... A50: T7_MOT2 | B50: Quanto è facile per te ripetere un esercizio o provarne uno diverso se il primo non ti ha soddisfatto? | C50: FALSE | D50: FALSE | E50: FALSE | F50: FALSE | G50: TRUE | H50: =IF(C50=TRUE,1,0) + IF(D50=TRUE,2,0) + IF(E50=TRUE,3,0) + IF(F50=TRUE,4,0) + IF(G50=TRUE,5,0) -> 5

Sheet Quest.Utente5
B1: Self Efficacy | C1: Scarso | D1: Sufficiente | E1: Buono | F1: Molto Buono | G1: Eccellente | H1: Valore
A2: T2_SE1 | B2: Come valuti il tuo livello di disinvoltura nel loggare velocemente il tuo stato d'animo? | C2: FALSE | D2: FALSE | E2: FALSE | F2: FALSE | G2: TRUE | H2: =IF(C2=TRUE,1,0) + IF(D2=TRUE,2,0) + IF(E2=TRUE,3,0) + IF(F2=TRUE,4,0) + IF(G2=TRUE,5,0) -> 5
A3: T2_SE2 | B3: Come valuti la tua abilità nell'usare gli strumenti forniti (scala, emoji, tag) per loggare l'umore come intendi tu? | C3: FALSE | D3: FALSE | E3: FALSE | F3: FALSE | G3: TRUE | H3: =IF(C3="X",1)+IF(D3="X",2)+IF(E3="X",3)+IF(F3="X",4)+IF(G3="X",5) -> 0
A4: T3_SE1 | B4: Come valuti il tuo livello di disinvoltura nell'usare la funzione di scrittura guidata per riflettere? | C4: FALSE | D4: FALSE | E4: FALSE | F4: FALSE | G4: TRUE | H4: =IF(C4="X",1)+IF(D4="X",2)+IF(E4="X",3)+IF(F4="X",4)+IF(G4="X",5) -> 0
A5: T3_SE2 | B5: Come valuti la tua abilità nell'esprimere i tuoi pensieri e sentimenti rispondendo ai prompt proposti? | C5: FALSE | D5: FALSE | E5: FALSE | F5: FALSE | G5: TRUE | H5: =IF(C5="X",1)+IF(D5="X",2)+IF(E5="X",3)+IF(F5="X",4)+IF(G5="X",5) -> 0
A6: T4_SE1 | B6: Come valuti il tuo livello di disinvoltura nello scrivere liberamente nel diario dell'app? | C6: FALSE | D6: FALSE | E6: FALSE | F6: TRUE | G6: FALSE | H6: =IF(C6="X",1)+IF(D6="X",2)+IF(E6="X",3)+IF(F6="X",4)+IF(G6="X",5) -> 0
A7: T4_SE2 | B7: Come valuti la tua abilità nell'esprimere liberamente ciò che senti o pensi usando la funzione diario? | C7: FALSE | D7: FALSE | E7: FALSE | F7: FALSE | G7: TRUE | H7: =IF(C7="X",1)+IF(D7="X",2)+IF(E7="X",3)+IF(F7="X",4)+IF(G7="X",5) -> 0
A8: T5_SE1 | B8: Come valuti il tuo livello di disinvoltura nel consultare le tue registrazioni passate (umore e note)? | C8: FALSE | D8: FALSE | E8: FALSE | F8: FALSE | G8: TRUE | H8: =IF(C8="X",1)+IF(D8="X",2)+IF(E8="X",3)+IF(F8="X",4)+IF(G8="X",5) -> 0
A9: T5_SE2 | B9: Come valuti la tua abilità nel trovare specifiche informazioni o note all'interno delle tue registrazioni passate? | C9: FALSE | D9: FALSE | E9: FALSE | F9: FALSE | G9: TRUE | H9: =IF(C9="X",1)+IF(D9="X",2)+IF(E9="X",3)+IF(F9="X",4)+IF(G9="X",5) -> 0
A10: T6_SE1 | B10: Come valuti il tuo livello di disinvoltura nell'accedere e guardare i grafici e le sintesi dei tuoi dati? | C10: FALSE | D10: FALSE | E10: FALSE | F10: FALSE | G10: TRUE | H10: =IF(C10="X",1)+IF(D10="X",2)+IF(E10="X",3)+IF(F10="X",4)+IF(G10="X",5) -> 0
A11: T6_SE2 | B11: Come valuti la tua abilità nell'interpretare correttamente le informazioni presentate nei grafici e nelle sintesi? | C11: FALSE | D11: FALSE | E11: FALSE | F11: TRUE | G11: FALSE | H11: =IF(C11="X",1)+IF(D11="X",2)+IF(E11="X",3)+IF(F11="X",4)+IF(G11="X",5) -> 0
A12: T7_SE1 | B12: Come valuti il tuo livello di disinvoltura nell'utilizzare le brevi pratiche guidate (es. respirazione, mindfulness)? | C12: FALSE | D12: FALSE | E12: FALSE | F12: FALSE | G12: TRUE | H12: =IF(C12="X",1)+IF(D12="X",2)+IF(E12="X",3)+IF(F12="X",4)+IF(G12="X",5) -> 0
A13: T7_SE2 | B13: Come valuti la tua abilità nel seguire le istruzioni e completare efficacemente gli esercizi brevi proposti? | C13: FALSE | D13: FALSE | E13: FALSE | F13: FALSE | G13: TRUE | H13: =IF(C13="X",1)+IF(D13="X",2)+IF(E13="X",3)+IF(F13="X",4)+IF(G13="X",5) -> 0
B14: Knowledge&Skills | C14: FALSE | D14: FALSE | E14: FALSE | F14: FALSE | G14: FALSE | H14: =IF(C14="X",1)+IF(D14="X",2)+IF(E14="X",3)+IF(F14="X",4)+IF(G14="X",5) -> 0
A15: T1_KS1 | B15: Che livello di conoscenza hai su come creare un account e impostare le preferenze iniziali nell'app? | C15: FALSE | D15: FALSE | E15: FALSE | F15: FALSE | G15: TRUE | H15: =IF(C15="X",1)+IF(D15="X",2)+IF(E15="X",3)+IF(F15="X",4)+IF(G15="X",5) -> 0
A16: T1_KS2 | B16: Come valuti la tua competenza nel creare l'account e impostare le preferenze iniziali come desideri? | C16: FALSE | D16: FALSE | E16: FALSE | F16: FALSE | G16: TRUE | H16: =IF(C16="X",1)+IF(D16="X",2)+IF(E16="X",3)+IF(F16="X",4)+IF(G16="X",5) -> 0
A17: T2_KS1 | B17: Che livello di conoscenza hai su come loggare velocemente il tuo stato d'animo usando gli strumenti dell'app (scala, emoji, tag)? | C17: FALSE | D17: FALSE | E17: FALSE | F17: FALSE | G17: TRUE | H17: =IF(C17="X",1)+IF(D17="X",2)+IF(E17="X",3)+IF(F17="X",4)+IF(G17="X",5) -> 0
A18: T2_KS2 | B18: Come valuti la tua competenza nel loggare il tuo umore in modo rapido ed efficace? | C18: FALSE | D18: FALSE | E18: FALSE | F18: FALSE | G18: TRUE | H18: =IF(C18="X",1)+IF(D18="X",2)+IF(E18="X",3)+IF(F18="X",4)+IF(G18="X",5) -> 0
A19: T3_KS1 | B19: Che livello di conoscenza hai su come funziona la funzione di scrittura guidata (rispondere a prompt/domande)? | C19: FALSE | D19: FALSE | E19: FALSE | F19: TRUE | G19: FALSE | H19: =IF(C19="X",1)+IF(D19="X",2)+IF(E19="X",3)+IF(F19="X",4)+IF(G19="X",5) -> 0
A20: T3_KS2 | B20: Come valuti la tua competenza nel rispondere ai prompt proposti dall'app per riflettere? | C20: FALSE | D20: FALSE | E20: FALSE | F20: FALSE | G20: TRUE | H20: =IF(C20="X",1)+IF(D20="X",2)+IF(E20="X",3)+IF(F20="X",4)+IF(G20="X",5) -> 0
A21: T4_KS1 | B21: Che livello di conoscenza hai su come usare la funzione diario per la scrittura libera? | C21: FALSE | D21: FALSE | E21: FALSE | F21: FALSE | G21: TRUE | H21: =IF(C21="X",1)+IF(D21="X",2)+IF(E21="X",3)+IF(F21="X",4)+IF(G21="X",5) -> 0
A22: T4_KS2 | B22: Come valuti la tua competenza nello scrivere liberamente i tuoi pensieri, emozioni o eventi nel diario dell'app? | C22: FALSE | D22: FALSE | E22: FALSE | F22: FALSE | G22: TRUE | H22: =IF(C22="X",1)+IF(D22="X",2)+IF(E22="X",3)+IF(F22="X",4)+IF(G22="X",5) -> 0
A23: T5_KS1 | B23: Che livello di conoscenza hai su come trovare e consultare le tue registrazioni passate (umore e note del diario)? | C23: FALSE | D23: FALSE | E23: FALSE | F23: TRUE | G23: FALSE | H23: =IF(C23="X",1)+IF(D23="X",2)+IF(E23="X",3)+IF(F23="X",4)+IF(G23="X",5) -> 0
A24: T5_KS2 | B24: Come valuti la tua competenza nel navigare tra le tue registrazioni passate per ricordare o riflettere? | C24: FALSE | D24: FALSE | E24: FALSE | F24: FALSE | G24: TRUE | H24: =IF(C24="X",1)+IF(D24="X",2)+IF(E24="X",3)+IF(F24="X",4)+IF(G24="X",5) -> 0
A25: T6_KS1 | B25: Che livello di conoscenza hai su come accedere e interpretare i grafici, calendari o sintesi sull'andamento dell'umore/temi? | C25: FALSE | D25: FALSE | E25: FALSE | F25: TRUE | G25: FALSE | H25: =IF(C25="X",1)+IF(D25="X",2)+IF(E25="X",3)+IF(F25="X",4)+IF(G25="X",5) -> 0
A26: T6_KS2 | B26: Come valuti la tua competenza nell'utilizzare le visualizzazioni (grafici, ecc.) per capire i tuoi pattern o progressi? | C26: FALSE | D26: FALSE | E26: FALSE | F26: FALSE | G26: TRUE | H26: =IF(C26="X",1)+IF(D26="X",2)+IF(E26="X",3)+IF(F26="X",4)+IF(G26="X",5) -> 0
... A28: T7_KS2 | B28: Come valuti la tua competenza nell'utilizzare efficacemente gli esercizi brevi per il tuo benessere? | C28: FALSE | D28: FALSE | E28: FALSE | F28: FALSE | G28: TRUE | H28: =IF(C28="X",1)+IF(D28="X",2)+IF(E28="X",3)+IF(F28="X",4)+IF(G28="X",5) -> 0
B29: Personal Control | C29: FALSE | D29: FALSE | E29: FALSE | F29: FALSE | G29: FALSE | H29: =IF(C29="X",1)+IF(D29="X",2)+IF(E29="X",3)+IF(F29="X",4)+IF(G29="X",5) -> 0
A30: T3_PC1 | B30: Come giudichi la tua abilità nel gestire eventuali difficoltà o blocchi mentre rispondi ai prompt di scrittura guidata? | C30: FALSE | D30: FALSE | E30: FALSE | F30: FALSE | G30: TRUE | H30: =IF(C30="X",1)+IF(D30="X",2)+IF(E30="X",3)+IF(F30="X",4)+IF(G30="X",5) -> 0
A31: T3_PC2 | B31: Pensi di avere il controllo su come e quanto approfonditamente rispondere ai prompt di scrittura guidata? | C31: FALSE | D31: FALSE | E31: FALSE | F31: FALSE | G31: TRUE | H31: =IF(C31="X",1)+IF(D31="X",2)+IF(E31="X",3)+IF(F31="X",4)+IF(G31="X",5) -> 0
A32: T4_PC1 | B32: Come giudichi la tua abilità nel superare un blocco dello scrittore o un'incertezza mentre usi la funzione di scrittura libera? | C32: FALSE | D32: FALSE | E32: FALSE | F32: FALSE | G32: TRUE | H32: =IF(C32="X",1)+IF(D32="X",2)+IF(E32="X",3)+IF(F32="X",4)+IF(G32="X",5) -> 0
A33: T4_PC2 | B33: Pensi di avere il controllo su cosa, come e quando scrivere nel tuo diario libero? | C33: FALSE | D33: FALSE | E33: FALSE | F33: FALSE | G33: TRUE | H33: =IF(C33="X",1)+IF(D33="X",2)+IF(E33="X",3)+IF(F33="X",4)+IF(G33="X",5) -> 0
A34: T7_PC1 | B34: Come giudichi la tua abilità nel gestire eventuali distrazioni o difficoltà durante l'esecuzione di un esercizio breve guidato? | C34: FALSE | D34: FALSE | E34: FALSE | F34: TRUE | G34: FALSE | H34: =IF(C34="X",1)+IF(D34="X",2)+IF(E34="X",3)+IF(F34="X",4)+IF(G34="X",5) -> 0
A35: T7_PC2 | B35: Pensi di avere il controllo su quando e quale esercizio breve scegliere e avviare? | C35: FALSE | D35: FALSE | E35: FALSE | F35: FALSE | G35: TRUE | H35: =IF(C35="X",1)+IF(D35="X",2)+IF(E35="X",3)+IF(F35="X",4)+IF(G35="X",5) -> 0
B36: Motivation | C36: FALSE | D36: FALSE | E36: FALSE | F36: FALSE | G36: FALSE | H36: =IF(C36="X",1)+IF(D36="X",2)+IF(E36="X",3)+IF(F36="X",4)+IF(G36="X",5) -> 0
A37: T1_MOT1 | B37: Quanto è facile per te compiere i passi necessari per creare l'account e impostare le preferenze? | C37: FALSE | D37: FALSE | E37: FALSE | F37: FALSE | G37: TRUE | H37: =IF(C37="X",1)+IF(D37="X",2)+IF(E37="X",3)+IF(F37="X",4)+IF(G37="X",5) -> 0
A38: T1_MOT2 | B38: Quanto è facile per te correggere eventuali errori durante la creazione dell'account o l'impostazione delle preferenze? | C38: FALSE | D38: FALSE | E38: FALSE | F38: FALSE | G38: TRUE | H38: =IF(C38="X",1)+IF(D38="X",2)+IF(E38="X",3)+IF(F38="X",4)+IF(G38="X",5) -> 0
A39: T2_MOT1 | B39: Quanto è facile per te compiere le azioni per loggare velocemente il tuo umore? | C39: FALSE | D39: FALSE | E39: FALSE | F39: TRUE | G39: FALSE | H39: =IF(C39="X",1)+IF(D39="X",2)+IF(E39="X",3)+IF(F39="X",4)+IF(G39="X",5) -> 0
A40: T2_MOT2 | B40: Quanto è facile per te correggere un errore se sbagli a loggare l'umore? | C40: FALSE | D40: FALSE | E40: FALSE | F40: TRUE | G40: FALSE | H40: =IF(C40="X",1)+IF(D40="X",2)+IF(E40="X",3)+IF(F40="X",4)+IF(G40="X",5) -> 0
A41: T3_MOT1 | B41: Quanto è facile per te iniziare e completare una sessione di scrittura guidata quando proposto dall'app? | C41: FALSE | D41: FALSE | E41: FALSE | F41: TRUE | G41: FALSE | H41: =IF(C41="X",1)+IF(D41="X",2)+IF(E41="X",3)+IF(F41="X",4)+IF(G41="X",5) -> 0
A42: T3_MOT2 | B42: Quanto è facile per te modificare o correggere quello che hai scritto in risposta a un prompt? | C42: FALSE | D42: FALSE | E42: FALSE | F42: FALSE | G42: TRUE | H42: =IF(C42="X",1)+IF(D42="X",2)+IF(E42="X",3)+IF(F42="X",4)+IF(G42="X",5) -> 0
A43: T4_MOT1 | B43: Quanto è facile per te decidere di usare e poi effettivamente scrivere nel diario libero? | C43: FALSE | D43: FALSE | E43: FALSE | F43: FALSE | G43: TRUE | H43: =IF(C43="X",1)+IF(D43="X",2)+IF(E43="X",3)+IF(F43="X",4)+IF(G43="X",5) -> 0
A44: T4_MOT2 | B44: Quanto è facile per te modificare, cancellare o correggere le tue note nel diario libero? | C44: FALSE | D44: FALSE | E44: FALSE | F44: FALSE | G44: TRUE | H44: =IF(C44="X",1)+IF(D44="X",2)+IF(E44="X",3)+IF(F44="X",4)+IF(G44="X",5) -> 0
A45: T5_MOT1 | B45: Quanto è facile per te accedere e scorrere le tue registrazioni passate quando vuoi farlo? | C45: FALSE | D45: FALSE | E45: TRUE | F45: FALSE | G45: FALSE | H45: =IF(C45="X",1)+IF(D45="X",2)+IF(E45="X",3)+IF(F45="X",4)+IF(G45="X",5) -> 0
A46: T5_MOT2 | B46: Quanto è facile per te orientarti e non perderti mentre consulti le tue registrazioni passate? | C46: FALSE | D46: FALSE | E46: FALSE | F46: FALSE | G46: TRUE | H46: =IF(C46="X",1)+IF(D46="X",2)+IF(E46="X",3)+IF(F46="X",4)+IF(G46="X",5) -> 0
A47: T6_MOT1 | B47: Quanto è facile per te accedere alle visualizzazioni dei pattern quando sei interessato a vederle? | C47: FALSE | D47: FALSE | E47: FALSE | F47: TRUE | G47: FALSE | H47: =IF(C47="X",1)+IF(D47="X",2)+IF(E47="X",3)+IF(F47="X",4)+IF(G47="X",5) -> 0
A48: T6_MOT2 | B48: Quanto è facile per te capire come interagire con i grafici (es. cambiare periodo, vedere dettagli) se necessario? | C48: FALSE | D48: FALSE | E48: FALSE | F48: FALSE | G48: TRUE | H48: =IF(C48="X",1)+IF(D48="X",2)+IF(E48="X",3)+IF(F48="X",4)+IF(G48="X",5) -> 0
... A50: T7_MOT2 | B50: Quanto è facile per te ripetere un esercizio o provarne uno diverso se il primo non ti ha soddisfatto? | C50: FALSE | D50: FALSE | E50: FALSE | F50: FALSE | G50: TRUE | H50: =IF(C50="X",1)+IF(D50="X",2)+IF(E50="X",3)+IF(F50="X",4)+IF(G50="X",5) -> 0

Sheet Quest.Utente6
B1: Self Efficacy | C1: Scarso | D1: Sufficiente | E1: Buono | F1: Molto Buono | G1: Eccellente | H1: Valore
A2: T2_SE1 | B2: Come valuti il tuo livello di disinvoltura nel loggare velocemente il tuo stato d'animo? | C2: FALSE | D2: FALSE | E2: FALSE | F2: FALSE | G2: TRUE | H2: =IF(C2=TRUE,1,0) + IF(D2=TRUE,2,0) + IF(E2=TRUE,3,0) + IF(F2=TRUE,4,0) + IF(G2=TRUE,5,0) -> 5
A3: T2_SE2 | B3: Come valuti la tua abilità nell'usare gli strumenti forniti (scala, emoji, tag) per loggare l'umore come intendi tu? | C3: FALSE | D3: FALSE | E3: FALSE | F3: FALSE | G3: TRUE | H3: =IF(C3=TRUE,1,0) + IF(D3=TRUE,2,0) + IF(E3=TRUE,3,0) + IF(F3=TRUE,4,0) + IF(G3=TRUE,5,0) -> 5
A4: T3_SE1 | B4: Come valuti il tuo livello di disinvoltura nell'usare la funzione di scrittura guidata per riflettere? | C4: FALSE | D4: FALSE | E4: FALSE | F4: TRUE | G4: FALSE | H4: =IF(C4=TRUE,1,0) + IF(D4=TRUE,2,0) + IF(E4=TRUE,3,0) + IF(F4=TRUE,4,0) + IF(G4=TRUE,5,0) -> 4
A5: T3_SE2 | B5: Come valuti la tua abilità nell'esprimere i tuoi pensieri e sentimenti rispondendo ai prompt proposti? | C5: FALSE | D5: FALSE | E5: TRUE | F5: FALSE | G5: FALSE | H5: =IF(C5=TRUE,1,0) + IF(D5=TRUE,2,0) + IF(E5=TRUE,3,0) + IF(F5=TRUE,4,0) + IF(G5=TRUE,5,0) -> 3
A6: T4_SE1 | B6: Come valuti il tuo livello di disinvoltura nello scrivere liberamente nel diario dell'app? | C6: FALSE | D6: FALSE | E6: FALSE | F6: TRUE | G6: FALSE | H6: =IF(C6=TRUE,1,0) + IF(D6=TRUE,2,0) + IF(E6=TRUE,3,0) + IF(F6=TRUE,4,0) + IF(G6=TRUE,5,0) -> 4
A7: T4_SE2 | B7: Come valuti la tua abilità nell'esprimere liberamente ciò che senti o pensi usando la funzione diario? | C7: FALSE | D7: FALSE | E7: FALSE | F7: FALSE | G7: TRUE | H7: =IF(C7=TRUE,1,0) + IF(D7=TRUE,2,0) + IF(E7=TRUE,3,0) + IF(F7=TRUE,4,0) + IF(G7=TRUE,5,0) -> 5
A8: T5_SE1 | B8: Come valuti il tuo livello di disinvoltura nel consultare le tue registrazioni passate (umore e note)? | C8: FALSE | D8: FALSE | E8: FALSE | F8: FALSE | G8: TRUE | H8: =IF(C8=TRUE,1,0) + IF(D8=TRUE,2,0) + IF(E8=TRUE,3,0) + IF(F8=TRUE,4,0) + IF(G8=TRUE,5,0) -> 5
A9: T5_SE2 | B9: Come valuti la tua abilità nel trovare specifiche informazioni o note all'interno delle tue registrazioni passate? | C9: FALSE | D9: FALSE | E9: FALSE | F9: TRUE | G9: FALSE | H9: =IF(C9=TRUE,1,0) + IF(D9=TRUE,2,0) + IF(E9=TRUE,3,0) + IF(F9=TRUE,4,0) + IF(G9=TRUE,5,0) -> 4
A10: T6_SE1 | B10: Come valuti il tuo livello di disinvoltura nell'accedere e guardare i grafici e le sintesi dei tuoi dati? | C10: FALSE | D10: FALSE | E10: FALSE | F10: TRUE | G10: FALSE | H10: =IF(C10=TRUE,1,0) + IF(D10=TRUE,2,0) + IF(E10=TRUE,3,0) + IF(F10=TRUE,4,0) + IF(G10=TRUE,5,0) -> 4
A11: T6_SE2 | B11: Come valuti la tua abilità nell'interpretare correttamente le informazioni presentate nei grafici e nelle sintesi? | C11: FALSE | D11: FALSE | E11: FALSE | F11: TRUE | G11: FALSE | H11: =IF(C11=TRUE,1,0) + IF(D11=TRUE,2,0) + IF(E11=TRUE,3,0) + IF(F11=TRUE,4,0) + IF(G11=TRUE,5,0) -> 4
A12: T7_SE1 | B12: Come valuti il tuo livello di disinvoltura nell'utilizzare le brevi pratiche guidate (es. respirazione, mindfulness)? | C12: FALSE | D12: FALSE | E12: FALSE | F12: FALSE | G12: TRUE | H12: =IF(C12=TRUE,1,0) + IF(D12=TRUE,2,0) + IF(E12=TRUE,3,0) + IF(F12=TRUE,4,0) + IF(G12=TRUE,5,0) -> 5
A13: T7_SE2 | B13: Come valuti la tua abilità nel seguire le istruzioni e completare efficacemente gli esercizi brevi proposti? | C13: FALSE | D13: FALSE | E13: FALSE | F13: FALSE | G13: TRUE | H13: =IF(C13=TRUE,1,0) + IF(D13=TRUE,2,0) + IF(E13=TRUE,3,0) + IF(F13=TRUE,4,0) + IF(G13=TRUE,5,0) -> 5
B14: Knowledge&Skills | C14: FALSE | D14: FALSE | E14: FALSE | F14: FALSE | G14: FALSE | H14: =IF(C14=TRUE,1,0) + IF(D14=TRUE,2,0) + IF(E14=TRUE,3,0) + IF(F14=TRUE,4,0) + IF(G14=TRUE,5,0) -> 0
A15: T1_KS1 | B15: Che livello di conoscenza hai su come creare un account e impostare le preferenze iniziali nell'app? | C15: FALSE | D15: FALSE | E15: FALSE | F15: FALSE | G15: TRUE | H15: =IF(C15=TRUE,1,0) + IF(D15=TRUE,2,0) + IF(E15=TRUE,3,0) + IF(F15=TRUE,4,0) + IF(G15=TRUE,5,0) -> 5
A16: T1_KS2 | B16: Come valuti la tua competenza nel creare l'account e impostare le preferenze iniziali come desideri? | C16: FALSE | D16: FALSE | E16: FALSE | F16: TRUE | G16: FALSE | H16: =IF(C16=TRUE,1,0) + IF(D16=TRUE,2,0) + IF(E16=TRUE,3,0) + IF(F16=TRUE,4,0) + IF(G16=TRUE,5,0) -> 4
A17: T2_KS1 | B17: Che livello di conoscenza hai su come loggare velocemente il tuo stato d'animo usando gli strumenti dell'app (scala, emoji, tag)? | C17: FALSE | D17: FALSE | E17: FALSE | F17: FALSE | G17: TRUE | H17: =IF(C17=TRUE,1,0) + IF(D17=TRUE,2,0) + IF(E17=TRUE,3,0) + IF(F17=TRUE,4,0) + IF(G17=TRUE,5,0) -> 5
A18: T2_KS2 | B18: Come valuti la tua competenza nel loggare il tuo umore in modo rapido ed efficace? | C18: FALSE | D18: FALSE | E18: FALSE | F18: FALSE | G18: TRUE | H18: =IF(C18=TRUE,1,0) + IF(D18=TRUE,2,0) + IF(E18=TRUE,3,0) + IF(F18=TRUE,4,0) + IF(G18=TRUE,5,0) -> 5
A19: T3_KS1 | B19: Che livello di conoscenza hai su come funziona la funzione di scrittura guidata (rispondere a prompt/domande)? | C19: FALSE | D19: FALSE | E19: FALSE | F19: FALSE | G19: TRUE | H19: =IF(C19=TRUE,1,0) + IF(D19=TRUE,2,0) + IF(E19=TRUE,3,0) + IF(F19=TRUE,4,0) + IF(G19=TRUE,5,0) -> 5
A20: T3_KS2 | B20: Come valuti la tua competenza nel rispondere ai prompt proposti dall'app per riflettere? | C20: FALSE | D20: FALSE | E20: FALSE | F20: FALSE | G20: TRUE | H20: =IF(C20=TRUE,1,0) + IF(D20=TRUE,2,0) + IF(E20=TRUE,3,0) + IF(F20=TRUE,4,0) + IF(G20=TRUE,5,0) -> 5
A21: T4_KS1 | B21: Che livello di conoscenza hai su come usare la funzione diario per la scrittura libera? | C21: FALSE | D21: FALSE | E21: TRUE | F21: FALSE | G21: FALSE | H21: =IF(C21=TRUE,1,0) + IF(D21=TRUE,2,0) + IF(E21=TRUE,3,0) + IF(F21=TRUE,4,0) + IF(G21=TRUE,5,0) -> 3
A22: T4_KS2 | B22: Come valuti la tua competenza nello scrivere liberamente i tuoi pensieri, emozioni o eventi nel diario dell'app? | C22: FALSE | D22: FALSE | E22: FALSE | F22: FALSE | G22: TRUE | H22: =IF(C22=TRUE,1,0) + IF(D22=TRUE,2,0) + IF(E22=TRUE,3,0) + IF(F22=TRUE,4,0) + IF(G22=TRUE,5,0) -> 5
A23: T5_KS1 | B23: Che livello di conoscenza hai su come trovare e consultare le tue registrazioni passate (umore e note del diario)? | C23: FALSE | D23: FALSE | E23: TRUE | F23: FALSE | G23: FALSE | H23: =IF(C23=TRUE,1,0) + IF(D23=TRUE,2,0) + IF(E23=TRUE,3,0) + IF(F23=TRUE,4,0) + IF(G23=TRUE,5,0) -> 3
A24: T5_KS2 | B24: Come valuti la tua competenza nel navigare tra le tue registrazioni passate per ricordare o riflettere? | C24: FALSE | D24: FALSE | E24: FALSE | F24: TRUE | G24: FALSE | H24: =IF(C24=TRUE,1,0) + IF(D24=TRUE,2,0) + IF(E24=TRUE,3,0) + IF(F24=TRUE,4,0) + IF(G24=TRUE,5,0) -> 4
A25: T6_KS1 | B25: Che livello di conoscenza hai su come accedere e interpretare i grafici, calendari o sintesi sull'andamento dell'umore/temi? | C25: FALSE | D25: FALSE | E25: FALSE | F25: TRUE | G25: FALSE | H25: =IF(C25=TRUE,1,0) + IF(D25=TRUE,2,0) + IF(E25=TRUE,3,0) + IF(F25=TRUE,4,0) + IF(G25=TRUE,5,0) -> 4
A26: T6_KS2 | B26: Come valuti la tua competenza nell'utilizzare le visualizzazioni (grafici, ecc.) per capire i tuoi pattern o progressi? | C26: FALSE | D26: FALSE | E26: FALSE | F26: FALSE | G26: TRUE | H26: =IF(C26=TRUE,1,0) + IF(D26=TRUE,2,0) + IF(E26=TRUE,3,0) + IF(F26=TRUE,4,0) + IF(G26=TRUE,5,0) -> 5
... A28: T7_KS2 | B28: Come valuti la tua competenza nell'utilizzare efficacemente gli esercizi brevi per il tuo benessere? | C28: FALSE | D28: FALSE | E28: FALSE | F28: TRUE | G28: FALSE | H28: =IF(C28=TRUE,1,0) + IF(D28=TRUE,2,0) + IF(E28=TRUE,3,0) + IF(F28=TRUE,4,0) + IF(G28=TRUE,5,0) -> 4
B29: Personal Control | C29: FALSE | D29: FALSE | E29: FALSE | F29: FALSE | G29: FALSE | H29: =IF(C29=TRUE,1,0) + IF(D29=TRUE,2,0) + IF(E29=TRUE,3,0) + IF(F29=TRUE,4,0) + IF(G29=TRUE,5,0) -> 0
A30: T3_PC1 | B30: Come giudichi la tua abilità nel gestire eventuali difficoltà o blocchi mentre rispondi ai prompt di scrittura guidata? | C30: FALSE | D30: FALSE | E30: FALSE | F30: FALSE | G30: TRUE | H30: =IF(C30=TRUE,1,0) + IF(D30=TRUE,2,0) + IF(E30=TRUE,3,0) + IF(F30=TRUE,4,0) + IF(G30=TRUE,5,0) -> 5
A31: T3_PC2 | B31: Pensi di avere il controllo su come e quanto approfonditamente rispondere ai prompt di scrittura guidata? | C31: FALSE | D31: FALSE | E31: FALSE | F31: FALSE | G31: FALSE | H31: =IF(C31=TRUE,1,0) + IF(D31=TRUE,2,0) + IF(E31=TRUE,3,0) + IF(F31=TRUE,4,0) + IF(G31=TRUE,5,0) -> 0
A32: T4_PC1 | B32: Come giudichi la tua abilità nel superare un blocco dello scrittore o un'incertezza mentre usi la funzione di scrittura libera? | C32: FALSE | D32: FALSE | E32: FALSE | F32: TRUE | G32: FALSE | H32: =IF(C32=TRUE,1,0) + IF(D32=TRUE,2,0) + IF(E32=TRUE,3,0) + IF(F32=TRUE,4,0) + IF(G32=TRUE,5,0) -> 4
A33: T4_PC2 | B33: Pensi di avere il controllo su cosa, come e quando scrivere nel tuo diario libero? | C33: FALSE | D33: FALSE | E33: FALSE | F33: FALSE | G33: TRUE | H33: =IF(C33=TRUE,1,0) + IF(D33=TRUE,2,0) + IF(E33=TRUE,3,0) + IF(F33=TRUE,4,0) + IF(G33=TRUE,5,0) -> 5
A34: T7_PC1 | B34: Come giudichi la tua abilità nel gestire eventuali distrazioni o difficoltà durante l'esecuzione di un esercizio breve guidato? | C34: FALSE | D34: FALSE | E34: FALSE | F34: FALSE | G34: TRUE | H34: =IF(C34=TRUE,1,0) + IF(D34=TRUE,2,0) + IF(E34=TRUE,3,0) + IF(F34=TRUE,4,0) + IF(G34=TRUE,5,0) -> 5
A35: T7_PC2 | B35: Pensi di avere il controllo su quando e quale esercizio breve scegliere e avviare? | C35: FALSE | D35: FALSE | E35: FALSE | F35: TRUE | G35: FALSE | H35: =IF(C35=TRUE,1,0) + IF(D35=TRUE,2,0) + IF(E35=TRUE,3,0) + IF(F35=TRUE,4,0) + IF(G35=TRUE,5,0) -> 4
B36: Motivation | C36: FALSE | D36: FALSE | E36: FALSE | F36: FALSE | G36: FALSE | H36: =IF(C36=TRUE,1,0) + IF(D36=TRUE,2,0) + IF(E36=TRUE,3,0) + IF(F36=TRUE,4,0) + IF(G36=TRUE,5,0) -> 0
A37: T1_MOT1 | B37: Quanto è facile per te compiere i passi necessari per creare l'account e impostare le preferenze? | C37: FALSE | D37: FALSE | E37: FALSE | F37: FALSE | G37: TRUE | H37: =IF(C37=TRUE,1,0) + IF(D37=TRUE,2,0) + IF(E37=TRUE,3,0) + IF(F37=TRUE,4,0) + IF(G37=TRUE,5,0) -> 5
A38: T1_MOT2 | B38: Quanto è facile per te correggere eventuali errori durante la creazione dell'account o l'impostazione delle preferenze? | C38: FALSE | D38: FALSE | E38: FALSE | F38: FALSE | G38: TRUE | H38: =IF(C38=TRUE,1,0) + IF(D38=TRUE,2,0) + IF(E38=TRUE,3,0) + IF(F38=TRUE,4,0) + IF(G38=TRUE,5,0) -> 5
A39: T2_MOT1 | B39: Quanto è facile per te compiere le azioni per loggare velocemente il tuo umore? | C39: FALSE | D39: FALSE | E39: FALSE | F39: FALSE | G39: TRUE | H39: =IF(C39=TRUE,1,0) + IF(D39=TRUE,2,0) + IF(E39=TRUE,3,0) + IF(F39=TRUE,4,0) + IF(G39=TRUE,5,0) -> 5
A40: T2_MOT2 | B40: Quanto è facile per te correggere un errore se sbagli a loggare l'umore? | C40: FALSE | D40: FALSE | E40: FALSE | F40: FALSE | G40: TRUE | H40: =IF(C40=TRUE,1,0) + IF(D40=TRUE,2,0) + IF(E40=TRUE,3,0) + IF(F40=TRUE,4,0) + IF(G40=TRUE,5,0) -> 5
A41: T3_MOT1 | B41: Quanto è facile per te iniziare e completare una sessione di scrittura guidata quando proposto dall'app? | C41: FALSE | D41: FALSE | E41: FALSE | F41: FALSE | G41: TRUE | H41: =IF(C41=TRUE,1,0) + IF(D41=TRUE,2,0) + IF(E41=TRUE,3,0) + IF(F41=TRUE,4,0) + IF(G41=TRUE,5,0) -> 5
A42: T3_MOT2 | B42: Quanto è facile per te modificare o correggere quello che hai scritto in risposta a un prompt? | C42: FALSE | D42: FALSE | E42: TRUE | F42: FALSE | G42: FALSE | H42: =IF(C42=TRUE,1,0) + IF(D42=TRUE,2,0) + IF(E42=TRUE,3,0) + IF(F42=TRUE,4,0) + IF(G42=TRUE,5,0) -> 3
A43: T4_MOT1 | B43: Quanto è facile per te decidere di usare e poi effettivamente scrivere nel diario libero? | C43: FALSE | D43: FALSE | E43: FALSE | F43: FALSE | G43: FALSE | H43: =IF(C43=TRUE,1,0) + IF(D43=TRUE,2,0) + IF(E43=TRUE,3,0) + IF(F43=TRUE,4,0) + IF(G43=TRUE,5,0) -> 0
A44: T4_MOT2 | B44: Quanto è facile per te modificare, cancellare o correggere le tue note nel diario libero? | C44: FALSE | D44: FALSE | E44: FALSE | F44: FALSE | G44: TRUE | H44: =IF(C44=TRUE,1,0) + IF(D44=TRUE,2,0) + IF(E44=TRUE,3,0) + IF(F44=TRUE,4,0) + IF(G44=TRUE,5,0) -> 5
A45: T5_MOT1 | B45: Quanto è facile per te accedere e scorrere le tue registrazioni passate quando vuoi farlo? | C45: FALSE | D45: FALSE | E45: FALSE | F45: TRUE | G45: FALSE | H45: =IF(C45=TRUE,1,0) + IF(D45=TRUE,2,0) + IF(E45=TRUE,3,0) + IF(F45=TRUE,4,0) + IF(G45=TRUE,5,0) -> 4
A46: T5_MOT2 | B46: Quanto è facile per te orientarti e non perderti mentre consulti le tue registrazioni passate? | C46: FALSE | D46: FALSE | E46: FALSE | F46: TRUE | G46: FALSE | H46: =IF(C46=TRUE,1,0) + IF(D46=TRUE,2,0) + IF(E46=TRUE,3,0) + IF(F46=TRUE,4,0) + IF(G46=TRUE,5,0) -> 4
A47: T6_MOT1 | B47: Quanto è facile per te accedere alle visualizzazioni dei pattern quando sei interessato a vederle? | C47: FALSE | D47: FALSE | E47: FALSE | F47: TRUE | G47: FALSE | H47: =IF(C47=TRUE,1,0) + IF(D47=TRUE,2,0) + IF(E47=TRUE,3,0) + IF(F47=TRUE,4,0) + IF(G47=TRUE,5,0) -> 4
A48: T6_MOT2 | B48: Quanto è facile per te capire come interagire con i grafici (es. cambiare periodo, vedere dettagli) se necessario? | C48: FALSE | D48: FALSE | E48: FALSE | F48: TRUE | G48: FALSE | H48: =IF(C48=TRUE,1,0) + IF(D48=TRUE,2,0) + IF(E48=TRUE,3,0) + IF(F48=TRUE,4,0) + IF(G48=TRUE,5,0) -> 4
... A50: T7_MOT2 | B50: Quanto è facile per te ripetere un esercizio o provarne uno diverso se il primo non ti ha soddisfatto? | C50: FALSE | D50: FALSE | E50: FALSE | F50: FALSE | G50: TRUE | H50: =IF(C50=TRUE,1,0) + IF(D50=TRUE,2,0) + IF(E50=TRUE,3,0) + IF(F50=TRUE,4,0) + IF(G50=TRUE,5,0) -> 5

Sheet Quest.Utente7
B1: Self Efficacy | C1: Scarso | D1: Sufficiente | E1: Buono | F1: Molto Buono | G1: Eccellente | H1: Valore
A2: T2_SE1 | B2: Come valuti il tuo livello di disinvoltura nel loggare velocemente il tuo stato d'animo? | C2: FALSE | D2: FALSE | E2: FALSE | F2: FALSE | G2: TRUE | H2: =IF(C2=TRUE,1,0) + IF(D2=TRUE,2,0) + IF(E2=TRUE,3,0) + IF(F2=TRUE,4,0) + IF(G2=TRUE,5,0) -> 5
A3: T2_SE2 | B3: Come valuti la tua abilità nell'usare gli strumenti forniti (scala, emoji, tag) per loggare l'umore come intendi tu? | C3: FALSE | D3: FALSE | E3: FALSE | F3: TRUE | G3: FALSE | H3: =IF(C3=TRUE,1,0) + IF(D3=TRUE,2,0) + IF(E3=TRUE,3,0) + IF(F3=TRUE,4,0) + IF(G3=TRUE,5,0) -> 4
A4: T3_SE1 | B4: Come valuti il tuo livello di disinvoltura nell'usare la funzione di scrittura guidata per riflettere? | C4: FALSE | D4: FALSE | E4: FALSE | F4: FALSE | G4: TRUE | H4: =IF(C4=TRUE,1,0) + IF(D4=TRUE,2,0) + IF(E4=TRUE,3,0) + IF(F4=TRUE,4,0) + IF(G4=TRUE,5,0) -> 5
A5: T3_SE2 | B5: Come valuti la tua abilità nell'esprimere i tuoi pensieri e sentimenti rispondendo ai prompt proposti? | C5: FALSE | D5: FALSE | E5: FALSE | F5: TRUE | G5: FALSE | H5: =IF(C5=TRUE,1,0) + IF(D5=TRUE,2,0) + IF(E5=TRUE,3,0) + IF(F5=TRUE,4,0) + IF(G5=TRUE,5,0) -> 4
A6: T4_SE1 | B6: Come valuti il tuo livello di disinvoltura nello scrivere liberamente nel diario dell'app? | C6: FALSE | D6: FALSE | E6: FALSE | F6: FALSE | G6: TRUE | H6: =IF(C6=TRUE,1,0) + IF(D6=TRUE,2,0) + IF(E6=TRUE,3,0) + IF(F6=TRUE,4,0) + IF(G6=TRUE,5,0) -> 5
A7: T4_SE2 | B7: Come valuti la tua abilità nell'esprimere liberamente ciò che senti o pensi usando la funzione diario? | C7: FALSE | D7: FALSE | E7: FALSE | F7: FALSE | G7: TRUE | H7: =IF(C7=TRUE,1,0) + IF(D7=TRUE,2,0) + IF(E7=TRUE,3,0) + IF(F7=TRUE,4,0) + IF(G7=TRUE,5,0) -> 5
A8: T5_SE1 | B8: Come valuti il tuo livello di disinvoltura nel consultare le tue registrazioni passate (umore e note)? | C8: FALSE | D8: FALSE | E8: FALSE | F8: TRUE | G8: FALSE | H8: =IF(C8=TRUE,1,0) + IF(D8=TRUE,2,0) + IF(E8=TRUE,3,0) + IF(F8=TRUE,4,0) + IF(G8=TRUE,5,0) -> 4
A9: T5_SE2 | B9: Come valuti la tua abilità nel trovare specifiche informazioni o note all'interno delle tue registrazioni passate? | C9: FALSE | D9: FALSE | E9: FALSE | F9: FALSE | G9: TRUE | H9: =IF(C9=TRUE,1,0) + IF(D9=TRUE,2,0) + IF(E9=TRUE,3,0) + IF(F9=TRUE,4,0) + IF(G9=TRUE,5,0) -> 5
A10: T6_SE1 | B10: Come valuti il tuo livello di disinvoltura nell'accedere e guardare i grafici e le sintesi dei tuoi dati? | C10: FALSE | D10: FALSE | E10: TRUE | F10: FALSE | G10: FALSE | H10: =IF(C10=TRUE,1,0) + IF(D10=TRUE,2,0) + IF(E10=TRUE,3,0) + IF(F10=TRUE,4,0) + IF(G10=TRUE,5,0) -> 3
A11: T6_SE2 | B11: Come valuti la tua abilità nell'interpretare correttamente le informazioni presentate nei grafici e nelle sintesi? | C11: FALSE | D11: FALSE | E11: FALSE | F11: FALSE | G11: TRUE | H11: =IF(C11=TRUE,1,0) + IF(D11=TRUE,2,0) + IF(E11=TRUE,3,0) + IF(F11=TRUE,4,0) + IF(G11=TRUE,5,0) -> 5
A12: T7_SE1 | B12: Come valuti il tuo livello di disinvoltura nell'utilizzare le brevi pratiche guidate (es. respirazione, mindfulness)? | C12: FALSE | D12: FALSE | E12: FALSE | F12: TRUE | G12: FALSE | H12: =IF(C12=TRUE,1,0) + IF(D12=TRUE,2,0) + IF(E12=TRUE,3,0) + IF(F12=TRUE,4,0) + IF(G12=TRUE,5,0) -> 4
A13: T7_SE2 | B13: Come valuti la tua abilità nel seguire le istruzioni e completare efficacemente gli esercizi brevi proposti? | C13: FALSE | D13: FALSE | E13: FALSE | F13: TRUE | G13: FALSE | H13: =IF(C13=TRUE,1,0) + IF(D13=TRUE,2,0) + IF(E13=TRUE,3,0) + IF(F13=TRUE,4,0) + IF(G13=TRUE,5,0) -> 4
B14: Knowledge&Skills | C14: FALSE | D14: FALSE | E14: FALSE | F14: FALSE | G14: FALSE | H14: =IF(C14=TRUE,1,0) + IF(D14=TRUE,2,0) + IF(E14=TRUE,3,0) + IF(F14=TRUE,4,0) + IF(G14=TRUE,5,0) -> 0
A15: T1_KS1 | B15: Che livello di conoscenza hai su come creare un account e impostare le preferenze iniziali nell'app? | C15: FALSE | D15: FALSE | E15: FALSE | F15: FALSE | G15: TRUE | H15: =IF(C15=TRUE,1,0) + IF(D15=TRUE,2,0) + IF(E15=TRUE,3,0) + IF(F15=TRUE,4,0) + IF(G15=TRUE,5,0) -> 5
A16: T1_KS2 | B16: Come valuti la tua competenza nel creare l'account e impostare le preferenze iniziali come desideri? | C16: FALSE | D16: FALSE | E16: FALSE | F16: FALSE | G16: TRUE | H16: =IF(C16=TRUE,1,0) + IF(D16=TRUE,2,0) + IF(E16=TRUE,3,0) + IF(F16=TRUE,4,0) + IF(G16=TRUE,5,0) -> 5
A17: T2_KS1 | B17: Che livello di conoscenza hai su come loggare velocemente il tuo stato d'animo usando gli strumenti dell'app (scala, emoji, tag)? | C17: FALSE | D17: FALSE | E17: TRUE | F17: FALSE | G17: FALSE | H17: =IF(C17=TRUE,1,0) + IF(D17=TRUE,2,0) + IF(E17=TRUE,3,0) + IF(F17=TRUE,4,0) + IF(G17=TRUE,5,0) -> 3
A18: T2_KS2 | B18: Come valuti la tua competenza nel loggare il tuo umore in modo rapido ed efficace? | C18: FALSE | D18: FALSE | E18: FALSE | F18: TRUE | G18: FALSE | H18: =IF(C18=TRUE,1,0) + IF(D18=TRUE,2,0) + IF(E18=TRUE,3,0) + IF(F18=TRUE,4,0) + IF(G18=TRUE,5,0) -> 4
A19: T3_KS1 | B19: Che livello di conoscenza hai su come funziona la funzione di scrittura guidata (rispondere a prompt/domande)? | C19: FALSE | D19: FALSE | E19: FALSE | F19: TRUE | G19: FALSE | H19: =IF(C19=TRUE,1,0) + IF(D19=TRUE,2,0) + IF(E19=TRUE,3,0) + IF(F19=TRUE,4,0) + IF(G19=TRUE,5,0) -> 4
A20: T3_KS2 | B20: Come valuti la tua competenza nel rispondere ai prompt proposti dall'app per riflettere? | C20: FALSE | D20: FALSE | E20: FALSE | F20: TRUE | G20: FALSE | H20: =IF(C20=TRUE,1,0) + IF(D20=TRUE,2,0) + IF(E20=TRUE,3,0) + IF(F20=TRUE,4,0) + IF(G20=TRUE,5,0) -> 4
A21: T4_KS1 | B21: Che livello di conoscenza hai su come usare la funzione diario per la scrittura libera? | C21: FALSE | D21: FALSE | E21: FALSE | F21: TRUE | G21: FALSE | H21: =IF(C21=TRUE,1,0) + IF(D21=TRUE,2,0) + IF(E21=TRUE,3,0) + IF(F21=TRUE,4,0) + IF(G21=TRUE,5,0) -> 4
A22: T4_KS2 | B22: Come valuti la tua competenza nello scrivere liberamente i tuoi pensieri, emozioni o eventi nel diario dell'app? | C22: FALSE | D22: FALSE | E22: FALSE | F22: FALSE | G22: TRUE | H22: =IF(C22=TRUE,1,0) + IF(D22=TRUE,2,0) + IF(E22=TRUE,3,0) + IF(F22=TRUE,4,0) + IF(G22=TRUE,5,0) -> 5
A23: T5_KS1 | B23: Che livello di conoscenza hai su come trovare e consultare le tue registrazioni passate (umore e note del diario)? | C23: FALSE | D23: FALSE | E23: FALSE | F23: FALSE | G23: TRUE | H23: =IF(C23=TRUE,1,0) + IF(D23=TRUE,2,0) + IF(E23=TRUE,3,0) + IF(F23=TRUE,4,0) + IF(G23=TRUE,5,0) -> 5
A24: T5_KS2 | B24: Come valuti la tua competenza nel navigare tra le tue registrazioni passate per ricordare o riflettere? | C24: FALSE | D24: FALSE | E24: FALSE | F24: FALSE | G24: TRUE | H24: =IF(C24=TRUE,1,0) + IF(D24=TRUE,2,0) + IF(E24=TRUE,3,0) + IF(F24=TRUE,4,0) + IF(G24=TRUE,5,0) -> 5
A25: T6_KS1 | B25: Che livello di conoscenza hai su come accedere e interpretare i grafici, calendari o sintesi sull'andamento dell'umore/temi? | C25: FALSE | D25: FALSE | E25: FALSE | F25: TRUE | G25: FALSE | H25: =IF(C25=TRUE,1,0) + IF(D25=TRUE,2,0) + IF(E25=TRUE,3,0) + IF(F25=TRUE,4,0) + IF(G25=TRUE,5,0) -> 4
A26: T6_KS2 | B26: Come valuti la tua competenza nell'utilizzare le visualizzazioni (grafici, ecc.) per capire i tuoi pattern o progressi? | C26: FALSE | D26: FALSE | E26: FALSE | F26: TRUE | G26: FALSE | H26: =IF(C26=TRUE,1,0) + IF(D26=TRUE,2,0) + IF(E26=TRUE,3,0) + IF(F26=TRUE,4,0) + IF(G26=TRUE,5,0) -> 4
... A28: T7_KS2 | B28: Come valuti la tua competenza nell'utilizzare efficacemente gli esercizi brevi per il tuo benessere? | C28: FALSE | D28: FALSE | E28: FALSE | F28: FALSE | G28: TRUE | H28: =IF(C28=TRUE,1,0) + IF(D28=TRUE,2,0) + IF(E28=TRUE,3,0) + IF(F28=TRUE,4,0) + IF(G28=TRUE,5,0) -> 5
B29: Personal Control | C29: FALSE | D29: FALSE | E29: FALSE | F29: FALSE | G29: FALSE | H29: =IF(C29=TRUE,1,0) + IF(D29=TRUE,2,0) + IF(E29=TRUE,3,0) + IF(F29=TRUE,4,0) + IF(G29=TRUE,5,0) -> 0
A30: T3_PC1 | B30: Come giudichi la tua abilità nel gestire eventuali difficoltà o blocchi mentre rispondi ai prompt di scrittura guidata? | C30: FALSE | D30: FALSE | E30: FALSE | F30: FALSE | G30: FALSE | H30: =IF(C30=TRUE,1,0) + IF(D30=TRUE,2,0) + IF(E30=TRUE,3,0) + IF(F30=TRUE,4,0) + IF(G30=TRUE,5,0) -> 0
A31: T3_PC2 | B31: Pensi di avere il controllo su come e quanto approfonditamente rispondere ai prompt di scrittura guidata? | C31: FALSE | D31: FALSE | E31: FALSE | F31: TRUE | G31: FALSE | H31: =IF(C31=TRUE,1,0) + IF(D31=TRUE,2,0) + IF(E31=TRUE,3,0) + IF(F31=TRUE,4,0) + IF(G31=TRUE,5,0) -> 4
A32: T4_PC1 | B32: Come giudichi la tua abilità nel superare un blocco dello scrittore o un'incertezza mentre usi la funzione di scrittura libera? | C32: FALSE | D32: FALSE | E32: FALSE | F32: TRUE | G32: FALSE | H32: =IF(C32=TRUE,1,0) + IF(D32=TRUE,2,0) + IF(E32=TRUE,3,0) + IF(F32=TRUE,4,0) + IF(G32=TRUE,5,0) -> 4
A33: T4_PC2 | B33: Pensi di avere il controllo su cosa, come e quando scrivere nel tuo diario libero? | C33: FALSE | D33: FALSE | E33: FALSE | F33: TRUE | G33: FALSE | H33: =IF(C33=TRUE,1,0) + IF(D33=TRUE,2,0) + IF(E33=TRUE,3,0) + IF(F33=TRUE,4,0) + IF(G33=TRUE,5,0) -> 4
A34: T7_PC1 | B34: Come giudichi la tua abilità nel gestire eventuali distrazioni o difficoltà durante l'esecuzione di un esercizio breve guidato? | C34: FALSE | D34: FALSE | E34: FALSE | F34: FALSE | G34: TRUE | H34: =IF(C34=TRUE,1,0) + IF(D34=TRUE,2,0) + IF(E34=TRUE,3,0) + IF(F34=TRUE,4,0) + IF(G34=TRUE,5,0) -> 5
A35: T7_PC2 | B35: Pensi di avere il controllo su quando e quale esercizio breve scegliere e avviare? | C35: FALSE | D35: FALSE | E35: FALSE | F35: FALSE | G35: TRUE | H35: =IF(C35=TRUE,1,0) + IF(D35=TRUE,2,0) + IF(E35=TRUE,3,0) + IF(F35=TRUE,4,0) + IF(G35=TRUE,5,0) -> 5
B36: Motivation | C36: FALSE | D36: FALSE | E36: FALSE | F36: FALSE | G36: FALSE | H36: =IF(C36=TRUE,1,0) + IF(D36=TRUE,2,0) + IF(E36=TRUE,3,0) + IF(F36=TRUE,4,0) + IF(G36=TRUE,5,0) -> 0
A37: T1_MOT1 | B37: Quanto è facile per te compiere i passi necessari per creare l'account e impostare le preferenze? | C37: FALSE | D37: FALSE | E37: FALSE | F37: FALSE | G37: TRUE | H37: =IF(C37=TRUE,1,0) + IF(D37=TRUE,2,0) + IF(E37=TRUE,3,0) + IF(F37=TRUE,4,0) + IF(G37=TRUE,5,0) -> 5
A38: T1_MOT2 | B38: Quanto è facile per te correggere eventuali errori durante la creazione dell'account o l'impostazione delle preferenze? | C38: FALSE | D38: FALSE | E38: FALSE | F38: FALSE | G38: TRUE | H38: =IF(C38=TRUE,1,0) + IF(D38=TRUE,2,0) + IF(E38=TRUE,3,0) + IF(F38=TRUE,4,0) + IF(G38=TRUE,5,0) -> 5
A39: T2_MOT1 | B39: Quanto è facile per te compiere le azioni per loggare velocemente il tuo umore? | C39: FALSE | D39: FALSE | E39: FALSE | F39: FALSE | G39: TRUE | H39: =IF(C39=TRUE,1,0) + IF(D39=TRUE,2,0) + IF(E39=TRUE,3,0) + IF(F39=TRUE,4,0) + IF(G39=TRUE,5,0) -> 5
A40: T2_MOT2 | B40: Quanto è facile per te correggere un errore se sbagli a loggare l'umore? | C40: FALSE | D40: FALSE | E40: FALSE | F40: TRUE | G40: FALSE | H40: =IF(C40=TRUE,1,0) + IF(D40=TRUE,2,0) + IF(E40=TRUE,3,0) + IF(F40=TRUE,4,0) + IF(G40=TRUE,5,0) -> 4
A41: T3_MOT1 | B41: Quanto è facile per te iniziare e completare una sessione di scrittura guidata quando proposto dall'app? | C41: FALSE | D41: FALSE | E41: FALSE | F41: TRUE | G41: FALSE | H41: =IF(C41=TRUE,1,0) + IF(D41=TRUE,2,0) + IF(E41=TRUE,3,0) + IF(F41=TRUE,4,0) + IF(G41=TRUE,5,0) -> 4
A42: T3_MOT2 | B42: Quanto è facile per te modificare o correggere quello che hai scritto in risposta a un prompt? | C42: FALSE | D42: FALSE | E42: FALSE | F42: TRUE | G42: FALSE | H42: =IF(C42=TRUE,1,0) + IF(D42=TRUE,2,0) + IF(E42=TRUE,3,0) + IF(F42=TRUE,4,0) + IF(G42=TRUE,5,0) -> 4
A43: T4_MOT1 | B43: Quanto è facile per te decidere di usare e poi effettivamente scrivere nel diario libero? | C43: FALSE | D43: FALSE | E43: FALSE | F43: TRUE | G43: FALSE | H43: =IF(C43=TRUE,1,0) + IF(D43=TRUE,2,0) + IF(E43=TRUE,3,0) + IF(F43=TRUE,4,0) + IF(G43=TRUE,5,0) -> 4
A44: T4_MOT2 | B44: Quanto è facile per te modificare, cancellare o correggere le tue note nel diario libero? | C44: FALSE | D44: FALSE | E44: FALSE | F44: FALSE | G44: TRUE | H44: =IF(C44=TRUE,1,0) + IF(D44=TRUE,2,0) + IF(E44=TRUE,3,0) + IF(F44=TRUE,4,0) + IF(G44=TRUE,5,0) -> 5
A45: T5_MOT1 | B45: Quanto è facile per te accedere e scorrere le tue registrazioni passate quando vuoi farlo? | C45: FALSE | D45: FALSE | E45: FALSE | F45: FALSE | G45: TRUE | H45: =IF(C45=TRUE,1,0) + IF(D45=TRUE,2,0) + IF(E45=TRUE,3,0) + IF(F45=TRUE,4,0) + IF(G45=TRUE,5,0) -> 5
A46: T5_MOT2 | B46: Quanto è facile per te orientarti e non perderti mentre consulti le tue registrazioni passate? | C46: FALSE | D46: FALSE | E46: FALSE | F46: FALSE | G46: TRUE | H46: =IF(C46=TRUE,1,0) + IF(D46=TRUE,2,0) + IF(E46=TRUE,3,0) + IF(F46=TRUE,4,0) + IF(G46=TRUE,5,0) -> 5
A47: T6_MOT1 | B47: Quanto è facile per te accedere alle visualizzazioni dei pattern quando sei interessato a vederle? | C47: FALSE | D47: FALSE | E47: FALSE | F47: FALSE | G47: TRUE | H47: =IF(C47=TRUE,1,0) + IF(D47=TRUE,2,0) + IF(E47=TRUE,3,0) + IF(F47=TRUE,4,0) + IF(G47=TRUE,5,0) -> 5
A48: T6_MOT2 | B48: Quanto è facile per te capire come interagire con i grafici (es. cambiare periodo, vedere dettagli) se necessario? | C48: FALSE | D48: FALSE | E48: FALSE | F48: TRUE | G48: FALSE | H48: =IF(C48=TRUE,1,0) + IF(D48=TRUE,2,0) + IF(E48=TRUE,3,0) + IF(F48=TRUE,4,0) + IF(G48=TRUE,5,0) -> 4
... A50: T7_MOT2 | B50: Quanto è facile per te ripetere un esercizio o provarne uno diverso se il primo non ti ha soddisfatto? | C50: FALSE | D50: FALSE | E50: TRUE | F50: FALSE | G50: FALSE | H50: =IF(C50=TRUE,1,0) + IF(D50=TRUE,2,0) + IF(E50=TRUE,3,0) + IF(F50=TRUE,4,0) + IF(G50=TRUE,5,0) -> 3

Sheet Quest.Utente8
B1: Self Efficacy | C1: Scarso | D1: Sufficiente | E1: Buono | F1: Molto Buono | G1: Eccellente | H1: Valore
A2: T2_SE1 | B2: Come valuti il tuo livello di disinvoltura nel loggare velocemente il tuo stato d'animo? | C2: FALSE | D2: FALSE | E2: FALSE | F2: FALSE | G2: TRUE | H2: =IF(C2=TRUE,1,0) + IF(D2=TRUE,2,0) + IF(E2=TRUE,3,0) + IF(F2=TRUE,4,0) + IF(G2=TRUE,5,0) -> 5
A3: T2_SE2 | B3: Come valuti la tua abilità nell'usare gli strumenti forniti (scala, emoji, tag) per loggare l'umore come intendi tu? | C3: FALSE | D3: FALSE | E3: FALSE | F3: FALSE | G3: TRUE | H3: =IF(C3=TRUE,1,0) + IF(D3=TRUE,2,0) + IF(E3=TRUE,3,0) + IF(F3=TRUE,4,0) + IF(G3=TRUE,5,0) -> 5
A4: T3_SE1 | B4: Come valuti il tuo livello di disinvoltura nell'usare la funzione di scrittura guidata per riflettere? | C4: FALSE | D4: FALSE | E4: FALSE | F4: FALSE | G4: TRUE | H4: =IF(C4=TRUE,1,0) + IF(D4=TRUE,2,0) + IF(E4=TRUE,3,0) + IF(F4=TRUE,4,0) + IF(G4=TRUE,5,0) -> 5
A5: T3_SE2 | B5: Come valuti la tua abilità nell'esprimere i tuoi pensieri e sentimenti rispondendo ai prompt proposti? | C5: FALSE | D5: FALSE | E5: FALSE | F5: FALSE | G5: TRUE | H5: =IF(C5=TRUE,1,0) + IF(D5=TRUE,2,0) + IF(E5=TRUE,3,0) + IF(F5=TRUE,4,0) + IF(G5=TRUE,5,0) -> 5
A6: T4_SE1 | B6: Come valuti il tuo livello di disinvoltura nello scrivere liberamente nel diario dell'app? | C6: FALSE | D6: FALSE | E6: FALSE | F6: TRUE | G6: FALSE | H6: =IF(C6=TRUE,1,0) + IF(D6=TRUE,2,0) + IF(E6=TRUE,3,0) + IF(F6=TRUE,4,0) + IF(G6=TRUE,5,0) -> 4
A7: T4_SE2 | B7: Come valuti la tua abilità nell'esprimere liberamente ciò che senti o pensi usando la funzione diario? | C7: FALSE | D7: FALSE | E7: FALSE | F7: FALSE | G7: TRUE | H7: =IF(C7=TRUE,1,0) + IF(D7=TRUE,2,0) + IF(E7=TRUE,3,0) + IF(F7=TRUE,4,0) + IF(G7=TRUE,5,0) -> 5
A8: T5_SE1 | B8: Come valuti il tuo livello di disinvoltura nel consultare le tue registrazioni passate (umore e note)? | C8: FALSE | D8: FALSE | E8: FALSE | F8: FALSE | G8: TRUE | H8: =IF(C8=TRUE,1,0) + IF(D8=TRUE,2,0) + IF(E8=TRUE,3,0) + IF(F8=TRUE,4,0) + IF(G8=TRUE,5,0) -> 5
A9: T5_SE2 | B9: Come valuti la tua abilità nel trovare specifiche informazioni o note all'interno delle tue registrazioni passate? | C9: FALSE | D9: FALSE | E9: FALSE | F9: FALSE | G9: TRUE | H9: =IF(C9=TRUE,1,0) + IF(D9=TRUE,2,0) + IF(E9=TRUE,3,0) + IF(F9=TRUE,4,0) + IF(G9=TRUE,5,0) -> 5
A10: T6_SE1 | B10: Come valuti il tuo livello di disinvoltura nell'accedere e guardare i grafici e le sintesi dei tuoi dati? | C10: FALSE | D10: FALSE | E10: FALSE | F10: TRUE | G10: FALSE | H10: =IF(C10=TRUE,1,0) + IF(D10=TRUE,2,0) + IF(E10=TRUE,3,0) + IF(F10=TRUE,4,0) + IF(G10=TRUE,5,0) -> 4
A11: T6_SE2 | B11: Come valuti la tua abilità nell'interpretare correttamente le informazioni presentate nei grafici e nelle sintesi? | C11: FALSE | D11: FALSE | E11: FALSE | F11: FALSE | G11: TRUE | H11: =IF(C11=TRUE,1,0) + IF(D11=TRUE,2,0) + IF(E11=TRUE,3,0) + IF(F11=TRUE,4,0) + IF(G11=TRUE,5,0) -> 5
A12: T7_SE1 | B12: Come valuti il tuo livello di disinvoltura nell'utilizzare le brevi pratiche guidate (es. respirazione, mindfulness)? | C12: FALSE | D12: FALSE | E12: FALSE | F12: FALSE | G12: TRUE | H12: =IF(C12=TRUE,1,0) + IF(D12=TRUE,2,0) + IF(E12=TRUE,3,0) + IF(F12=TRUE,4,0) + IF(G12=TRUE,5,0) -> 5
A13: T7_SE2 | B13: Come valuti la tua abilità nel seguire le istruzioni e completare efficacemente gli esercizi brevi proposti? | C13: FALSE | D13: FALSE | E13: FALSE | F13: TRUE | G13: FALSE | H13: =IF(C13=TRUE,1,0) + IF(D13=TRUE,2,0) + IF(E13=TRUE,3,0) + IF(F13=TRUE,4,0) + IF(G13=TRUE,5,0) -> 4
B14: Knowledge&Skills | C14: FALSE | D14: FALSE | E14: FALSE | F14: FALSE | G14: FALSE | H14: =IF(C14=TRUE,1,0) + IF(D14=TRUE,2,0) + IF(E14=TRUE,3,0) + IF(F14=TRUE,4,0) + IF(G14=TRUE,5,0) -> 0
A15: T1_KS1 | B15: Che livello di conoscenza hai su come creare un account e impostare le preferenze iniziali nell'app? | C15: FALSE | D15: FALSE | E15: FALSE | F15: FALSE | G15: TRUE | H15: =IF(C15=TRUE,1,0) + IF(D15=TRUE,2,0) + IF(E15=TRUE,3,0) + IF(F15=TRUE,4,0) + IF(G15=TRUE,5,0) -> 5
A16: T1_KS2 | B16: Come valuti la tua competenza nel creare l'account e impostare le preferenze iniziali come desideri? | C16: FALSE | D16: FALSE | E16: FALSE | F16: FALSE | G16: TRUE | H16: =IF(C16=TRUE,1,0) + IF(D16=TRUE,2,0) + IF(E16=TRUE,3,0) + IF(F16=TRUE,4,0) + IF(G16=TRUE,5,0) -> 5
A17: T2_KS1 | B17: Che livello di conoscenza hai su come loggare velocemente il tuo stato d'animo usando gli strumenti dell'app (scala, emoji, tag)? | C17: FALSE | D17: FALSE | E17: FALSE | F17: FALSE | G17: TRUE | H17: =IF(C17=TRUE,1,0) + IF(D17=TRUE,2,0) + IF(E17=TRUE,3,0) + IF(F17=TRUE,4,0) + IF(G17=TRUE,5,0) -> 5
A18: T2_KS2 | B18: Come valuti la tua competenza nel loggare il tuo umore in modo rapido ed efficace? | C18: FALSE | D18: FALSE | E18: FALSE | F18: FALSE | G18: TRUE | H18: =IF(C18=TRUE,1,0) + IF(D18=TRUE,2,0) + IF(E18=TRUE,3,0) + IF(F18=TRUE,4,0) + IF(G18=TRUE,5,0) -> 5
A19: T3_KS1 | B19: Che livello di conoscenza hai su come funziona la funzione di scrittura guidata (rispondere a prompt/domande)? | C19: FALSE | D19: FALSE | E19: FALSE | F19: FALSE | G19: TRUE | H19: =IF(C19=TRUE,1,0) + IF(D19=TRUE,2,0) + IF(E19=TRUE,3,0) + IF(F19=TRUE,4,0) + IF(G19=TRUE,5,0) -> 5
A20: T3_KS2 | B20: Come valuti la tua competenza nel rispondere ai prompt proposti dall'app per riflettere? | C20: FALSE | D20: FALSE | E20: FALSE | F20: FALSE | G20: TRUE | H20: =IF(C20=TRUE,1,0) + IF(D20=TRUE,2,0) + IF(E20=TRUE,3,0) + IF(F20=TRUE,4,0) + IF(G20=TRUE,5,0) -> 5
A21: T4_KS1 | B21: Che livello di conoscenza hai su come usare la funzione diario per la scrittura libera? | C21: FALSE | D21: FALSE | E21: FALSE | F21: FALSE | G21: TRUE | H21: =IF(C21=TRUE,1,0) + IF(D21=TRUE,2,0) + IF(E21=TRUE,3,0) + IF(F21=TRUE,4,0) + IF(G21=TRUE,5,0) -> 5
A22: T4_KS2 | B22: Come valuti la tua competenza nello scrivere liberamente i tuoi pensieri, emozioni o eventi nel diario dell'app? | C22: FALSE | D22: FALSE | E22: FALSE | F22: FALSE | G22: TRUE | H22: =IF(C22=TRUE,1,0) + IF(D22=TRUE,2,0) + IF(E22=TRUE,3,0) + IF(F22=TRUE,4,0) + IF(G22=TRUE,5,0) -> 5
A23: T5_KS1 | B23: Che livello di conoscenza hai su come trovare e consultare le tue registrazioni passate (umore e note del diario)? | C23: FALSE | D23: FALSE | E23: FALSE | F23: FALSE | G23: TRUE | H23: =IF(C23=TRUE,1,0) + IF(D23=TRUE,2,0) + IF(E23=TRUE,3,0) + IF(F23=TRUE,4,0) + IF(G23=TRUE,5,0) -> 5
A24: T5_KS2 | B24: Come valuti la tua competenza nel navigare tra le tue registrazioni passate per ricordare o riflettere? | C24: FALSE | D24: FALSE | E24: FALSE | F24: FALSE | G24: TRUE | H24: =IF(C24=TRUE,1,0) + IF(D24=TRUE,2,0) + IF(E24=TRUE,3,0) + IF(F24=TRUE,4,0) + IF(G24=TRUE,5,0) -> 5
A25: T6_KS1 | B25: Che livello di conoscenza hai su come accedere e interpretare i grafici, calendari o sintesi sull'andamento dell'umore/temi? | C25: FALSE | D25: FALSE | E25: FALSE | F25: FALSE | G25: TRUE | H25: =IF(C25=TRUE,1,0) + IF(D25=TRUE,2,0) + IF(E25=TRUE,3,0) + IF(F25=TRUE,4,0) + IF(G25=TRUE,5,0) -> 5
A26: T6_KS2 | B26: Come valuti la tua competenza nell'utilizzare le visualizzazioni (grafici, ecc.) per capire i tuoi pattern o progressi? | C26: FALSE | D26: FALSE | E26: FALSE | F26: FALSE | G26: TRUE | H26: =IF(C26=TRUE,1,0) + IF(D26=TRUE,2,0) + IF(E26=TRUE,3,0) + IF(F26=TRUE,4,0) + IF(G26=TRUE,5,0) -> 5
... A28: T7_KS2 | B28: Come valuti la tua competenza nell'utilizzare efficacemente gli esercizi brevi per il tuo benessere? | C28: FALSE | D28: FALSE | E28: FALSE | F28: FALSE | G28: TRUE | H28: =IF(C28=TRUE,1,0) + IF(D28=TRUE,2,0) + IF(E28=TRUE,3,0) + IF(F28=TRUE,4,0) + IF(G28=TRUE,5,0) -> 5
B29: Personal Control | C29: FALSE | D29: FALSE | E29: FALSE | F29: FALSE | G29: FALSE | H29: =IF(C29=TRUE,1,0) + IF(D29=TRUE,2,0) + IF(E29=TRUE,3,0) + IF(F29=TRUE,4,0) + IF(G29=TRUE,5,0) -> 0
A30: T3_PC1 | B30: Come giudichi la tua abilità nel gestire eventuali difficoltà o blocchi mentre rispondi ai prompt di scrittura guidata? | C30: FALSE | D30: FALSE | E30: FALSE | F30: FALSE | G30: TRUE | H30: =IF(C30=TRUE,1,0) + IF(D30=TRUE,2,0) + IF(E30=TRUE,3,0) + IF(F30=TRUE,4,0) + IF(G30=TRUE,5,0) -> 5
A31: T3_PC2 | B31: Pensi di avere il controllo su come e quanto approfonditamente rispondere ai prompt di scrittura guidata? | C31: FALSE | D31: FALSE | E31: FALSE | F31: FALSE | G31: TRUE | H31: =IF(C31=TRUE,1,0) + IF(D31=TRUE,2,0) + IF(E31=TRUE,3,0) + IF(F31=TRUE,4,0) + IF(G31=TRUE,5,0) -> 5
A32: T4_PC1 | B32: Come giudichi la tua abilità nel superare un blocco dello scrittore o un'incertezza mentre usi la funzione di scrittura libera? | C32: FALSE | D32: FALSE | E32: FALSE | F32: FALSE | G32: TRUE | H32: =IF(C32=TRUE,1,0) + IF(D32=TRUE,2,0) + IF(E32=TRUE,3,0) + IF(F32=TRUE,4,0) + IF(G32=TRUE,5,0) -> 5
A33: T4_PC2 | B33: Pensi di avere il controllo su cosa, come e quando scrivere nel tuo diario libero? | C33: FALSE | D33: FALSE | E33: FALSE | F33: TRUE | G33: FALSE | H33: =IF(C33=TRUE,1,0) + IF(D33=TRUE,2,0) + IF(E33=TRUE,3,0) + IF(F33=TRUE,4,0) + IF(G33=TRUE,5,0) -> 4
A34: T7_PC1 | B34: Come giudichi la tua abilità nel gestire eventuali distrazioni o difficoltà durante l'esecuzione di un esercizio breve guidato? | C34: FALSE | D34: FALSE | E34: FALSE | F34: FALSE | G34: TRUE | H34: =IF(C34=TRUE,1,0) + IF(D34=TRUE,2,0) + IF(E34=TRUE,3,0) + IF(F34=TRUE,4,0) + IF(G34=TRUE,5,0) -> 5
A35: T7_PC2 | B35: Pensi di avere il controllo su quando e quale esercizio breve scegliere e avviare? | C35: FALSE | D35: FALSE | E35: FALSE | F35: FALSE | G35: TRUE | H35: =IF(C35=TRUE,1,0) + IF(D35=TRUE,2,0) + IF(E35=TRUE,3,0) + IF(F35=TRUE,4,0) + IF(G35=TRUE,5,0) -> 5
B36: Motivation | C36: FALSE | D36: FALSE | E36: FALSE | F36: FALSE | G36: FALSE | H36: =IF(C36=TRUE,1,0) + IF(D36=TRUE,2,0) + IF(E36=TRUE,3,0) + IF(F36=TRUE,4,0) + IF(G36=TRUE,5,0) -> 0
A37: T1_MOT1 | B37: Quanto è facile per te compiere i passi necessari per creare l'account e impostare le preferenze? | C37: FALSE | D37: FALSE | E37: FALSE | F37: FALSE | G37: TRUE | H37: =IF(C37=TRUE,1,0) + IF(D37=TRUE,2,0) + IF(E37=TRUE,3,0) + IF(F37=TRUE,4,0) + IF(G37=TRUE,5,0) -> 5
A38: T1_MOT2 | B38: Quanto è facile per te correggere eventuali errori durante la creazione dell'account o l'impostazione delle preferenze? | C38: FALSE | D38: FALSE | E38: FALSE | F38: FALSE | G38: TRUE | H38: =IF(C38=TRUE,1,0) + IF(D38=TRUE,2,0) + IF(E38=TRUE,3,0) + IF(F38=TRUE,4,0) + IF(G38=TRUE,5,0) -> 5
A39: T2_MOT1 | B39: Quanto è facile per te compiere le azioni per loggare velocemente il tuo umore? | C39: FALSE | D39: FALSE | E39: FALSE | F39: FALSE | G39: TRUE | H39: =IF(C39=TRUE,1,0) + IF(D39=TRUE,2,0) + IF(E39=TRUE,3,0) + IF(F39=TRUE,4,0) + IF(G39=TRUE,5,0) -> 5
A40: T2_MOT2 | B40: Quanto è facile per te correggere un errore se sbagli a loggare l'umore? | C40: FALSE | D40: FALSE | E40: FALSE | F40: FALSE | G40: TRUE | H40: =IF(C40=TRUE,1,0) + IF(D40=TRUE,2,0) + IF(E40=TRUE,3,0) + IF(F40=TRUE,4,0) + IF(G40=TRUE,5,0) -> 5
A41: T3_MOT1 | B41: Quanto è facile per te iniziare e completare una sessione di scrittura guidata quando proposto dall'app? | C41: FALSE | D41: FALSE | E41: FALSE | F41: FALSE | G41: TRUE | H41: =IF(C41=TRUE,1,0) + IF(D41=TRUE,2,0) + IF(E41=TRUE,3,0) + IF(F41=TRUE,4,0) + IF(G41=TRUE,5,0) -> 5
A42: T3_MOT2 | B42: Quanto è facile per te modificare o correggere quello che hai scritto in risposta a un prompt? | C42: FALSE | D42: FALSE | E42: FALSE | F42: TRUE | G42: FALSE | H42: =IF(C42=TRUE,1,0) + IF(D42=TRUE,2,0) + IF(E42=TRUE,3,0) + IF(F42=TRUE,4,0) + IF(G42=TRUE,5,0) -> 4
A43: T4_MOT1 | B43: Quanto è facile per te decidere di usare e poi effettivamente scrivere nel diario libero? | C43: FALSE | D43: FALSE | E43: FALSE | F43: FALSE | G43: TRUE | H43: =IF(C43=TRUE,1,0) + IF(D43=TRUE,2,0) + IF(E43=TRUE,3,0) + IF(F43=TRUE,4,0) + IF(G43=TRUE,5,0) -> 5
A44: T4_MOT2 | B44: Quanto è facile per te modificare, cancellare o correggere le tue note nel diario libero? | C44: FALSE | D44: FALSE | E44: FALSE | F44: FALSE | G44: TRUE | H44: =IF(C44=TRUE,1,0) + IF(D44=TRUE,2,0) + IF(E44=TRUE,3,0) + IF(F44=TRUE,4,0) + IF(G44=TRUE,5,0) -> 5
A45: T5_MOT1 | B45: Quanto è facile per te accedere e scorrere le tue registrazioni passate quando vuoi farlo? | C45: FALSE | D45: FALSE | E45: FALSE | F45: FALSE | G45: TRUE | H45: =IF(C45=TRUE,1,0) + IF(D45=TRUE,2,0) + IF(E45=TRUE,3,0) + IF(F45=TRUE,4,0) + IF(G45=TRUE,5,0) -> 5
A46: T5_MOT2 | B46: Quanto è facile per te orientarti e non perderti mentre consulti le tue registrazioni passate? | C46: FALSE | D46: FALSE | E46: FALSE | F46: FALSE | G46: TRUE | H46: =IF(C46=TRUE,1,0) + IF(D46=TRUE,2,0) + IF(E46=TRUE,3,0) + IF(F46=TRUE,4,0) + IF(G46=TRUE,5,0) -> 5
A47: T6_MOT1 | B47: Quanto è facile per te accedere alle visualizzazioni dei pattern quando sei interessato a vederle? | C47: FALSE | D47: FALSE | E47: FALSE | F47: FALSE | G47: TRUE | H47: =IF(C47=TRUE,1,0) + IF(D47=TRUE,2,0) + IF(E47=TRUE,3,0) + IF(F47=TRUE,4,0) + IF(G47=TRUE,5,0) -> 5
A48: T6_MOT2 | B48: Quanto è facile per te capire come interagire con i grafici (es. cambiare periodo, vedere dettagli) se necessario? | C48: FALSE | D48: FALSE | E48: FALSE | F48: FALSE | G48: TRUE | H48: =IF(C48=TRUE,1,0) + IF(D48=TRUE,2,0) + IF(E48=TRUE,3,0) + IF(F48=TRUE,4,0) + IF(G48=TRUE,5,0) -> 5
... A50: T7_MOT2 | B50: Quanto è facile per te ripetere un esercizio o provarne uno diverso se il primo non ti ha soddisfatto? | C50: FALSE | D50: FALSE | E50: FALSE | F50: FALSE | G50: TRUE | H50: =IF(C50=TRUE,1,0) + IF(D50=TRUE,2,0) + IF(E50=TRUE,3,0) + IF(F50=TRUE,4,0) + IF(G50=TRUE,5,0) -> 5

Sheet Quest.Utente9
B1: Self Efficacy | C1: Scarso | D1: Sufficiente | E1: Buono | F1: Molto Buono | G1: Eccellente | H1: Valore
A2: T2_SE1 | B2: Come valuti il tuo livello di disinvoltura nel loggare velocemente il tuo stato d'animo? | C2: FALSE | D2: FALSE | E2: FALSE | F2: FALSE | G2: TRUE | H2: =IF(C2=TRUE,1,0) + IF(D2=TRUE,2,0) + IF(E2=TRUE,3,0) + IF(F2=TRUE,4,0) + IF(G2=TRUE,5,0) -> 5
A3: T2_SE2 | B3: Come valuti la tua abilità nell'usare gli strumenti forniti (scala, emoji, tag) per loggare l'umore come intendi tu? | C3: FALSE | D3: FALSE | E3: FALSE | F3: FALSE | G3: TRUE | H3: =IF(C3=TRUE,1,0) + IF(D3=TRUE,2,0) + IF(E3=TRUE,3,0) + IF(F3=TRUE,4,0) + IF(G3=TRUE,5,0) -> 5
A4: T3_SE1 | B4: Come valuti il tuo livello di disinvoltura nell'usare la funzione di scrittura guidata per riflettere? | C4: FALSE | D4: FALSE | E4: FALSE | F4: FALSE | G4: TRUE | H4: =IF(C4=TRUE,1,0) + IF(D4=TRUE,2,0) + IF(E4=TRUE,3,0) + IF(F4=TRUE,4,0) + IF(G4=TRUE,5,0) -> 5
A5: T3_SE2 | B5: Come valuti la tua abilità nell'esprimere i tuoi pensieri e sentimenti rispondendo ai prompt proposti? | C5: FALSE | D5: FALSE | E5: FALSE | F5: FALSE | G5: TRUE | H5: =IF(C5=TRUE,1,0) + IF(D5=TRUE,2,0) + IF(E5=TRUE,3,0) + IF(F5=TRUE,4,0) + IF(G5=TRUE,5,0) -> 5
A6: T4_SE1 | B6: Come valuti il tuo livello di disinvoltura nello scrivere liberamente nel diario dell'app? | C6: FALSE | D6: FALSE | E6: FALSE | F6: FALSE | G6: TRUE | H6: =IF(C6=TRUE,1,0) + IF(D6=TRUE,2,0) + IF(E6=TRUE,3,0) + IF(F6=TRUE,4,0) + IF(G6=TRUE,5,0) -> 5
A7: T4_SE2 | B7: Come valuti la tua abilità nell'esprimere liberamente ciò che senti o pensi usando la funzione diario? | C7: FALSE | D7: FALSE | E7: FALSE | F7: TRUE | G7: FALSE | H7: =IF(C7=TRUE,1,0) + IF(D7=TRUE,2,0) + IF(E7=TRUE,3,0) + IF(F7=TRUE,4,0) + IF(G7=TRUE,5,0) -> 4
A8: T5_SE1 | B8: Come valuti il tuo livello di disinvoltura nel consultare le tue registrazioni passate (umore e note)? | C8: FALSE | D8: FALSE | E8: FALSE | F8: FALSE | G8: TRUE | H8: =IF(C8=TRUE,1,0) + IF(D8=TRUE,2,0) + IF(E8=TRUE,3,0) + IF(F8=TRUE,4,0) + IF(G8=TRUE,5,0) -> 5
A9: T5_SE2 | B9: Come valuti la tua abilità nel trovare specifiche informazioni o note all'interno delle tue registrazioni passate? | C9: FALSE | D9: FALSE | E9: FALSE | F9: FALSE | G9: TRUE | H9: =IF(C9=TRUE,1,0) + IF(D9=TRUE,2,0) + IF(E9=TRUE,3,0) + IF(F9=TRUE,4,0) + IF(G9=TRUE,5,0) -> 5
A10: T6_SE1 | B10: Come valuti il tuo livello di disinvoltura nell'accedere e guardare i grafici e le sintesi dei tuoi dati? | C10: FALSE | D10: FALSE | E10: FALSE | F10: TRUE | G10: FALSE | H10: =IF(C10=TRUE,1,0) + IF(D10=TRUE,2,0) + IF(E10=TRUE,3,0) + IF(F10=TRUE,4,0) + IF(G10=TRUE,5,0) -> 4
A11: T6_SE2 | B11: Come valuti la tua abilità nell'interpretare correttamente le informazioni presentate nei grafici e nelle sintesi? | C11: FALSE | D11: FALSE | E11: FALSE | F11: FALSE | G11: TRUE | H11: =IF(C11=TRUE,1,0) + IF(D11=TRUE,2,0) + IF(E11=TRUE,3,0) + IF(F11=TRUE,4,0) + IF(G11=TRUE,5,0) -> 5
A12: T7_SE1 | B12: Come valuti il tuo livello di disinvoltura nell'utilizzare le brevi pratiche guidate (es. respirazione, mindfulness)? | C12: FALSE | D12: FALSE | E12: FALSE | F12: FALSE | G12: TRUE | H12: =IF(C12=TRUE,1,0) + IF(D12=TRUE,2,0) + IF(E12=TRUE,3,0) + IF(F12=TRUE,4,0) + IF(G12=TRUE,5,0) -> 5
A13: T7_SE2 | B13: Come valuti la tua abilità nel seguire le istruzioni e completare efficacemente gli esercizi brevi proposti? | C13: FALSE | D13: FALSE | E13: FALSE | F13: FALSE | G13: TRUE | H13: =IF(C13=TRUE,1,0) + IF(D13=TRUE,2,0) + IF(E13=TRUE,3,0) + IF(F13=TRUE,4,0) + IF(G13=TRUE,5,0) -> 5
B14: Knowledge&Skills | C14: FALSE | D14: FALSE | E14: FALSE | F14: FALSE | G14: FALSE | H14: =IF(C14=TRUE,1,0) + IF(D14=TRUE,2,0) + IF(E14=TRUE,3,0) + IF(F14=TRUE,4,0) + IF(G14=TRUE,5,0) -> 0
A15: T1_KS1 | B15: Che livello di conoscenza hai su come creare un account e impostare le preferenze iniziali nell'app? | C15: FALSE | D15: FALSE | E15: FALSE | F15: FALSE | G15: TRUE | H15: =IF(C15=TRUE,1,0) + IF(D15=TRUE,2,0) + IF(E15=TRUE,3,0) + IF(F15=TRUE,4,0) + IF(G15=TRUE,5,0) -> 5
A16: T1_KS2 | B16: Come valuti la tua competenza nel creare l'account e impostare le preferenze iniziali come desideri? | C16: FALSE | D16: FALSE | E16: FALSE | F16: FALSE | G16: TRUE | H16: =IF(C16=TRUE,1,0) + IF(D16=TRUE,2,0) + IF(E16=TRUE,3,0) + IF(F16=TRUE,4,0) + IF(G16=TRUE,5,0) -> 5
A17: T2_KS1 | B17: Che livello di conoscenza hai su come loggare velocemente il tuo stato d'animo usando gli strumenti dell'app (scala, emoji, tag)? | C17: FALSE | D17: FALSE | E17: FALSE | F17: FALSE | G17: TRUE | H17: =IF(C17=TRUE,1,0) + IF(D17=TRUE,2,0) + IF(E17=TRUE,3,0) + IF(F17=TRUE,4,0) + IF(G17=TRUE,5,0) -> 5
A18: T2_KS2 | B18: Come valuti la tua competenza nel loggare il tuo umore in modo rapido ed efficace? | C18: FALSE | D18: FALSE | E18: FALSE | F18: FALSE | G18: TRUE | H18: =IF(C18=TRUE,1,0) + IF(D18=TRUE,2,0) + IF(E18=TRUE,3,0) + IF(F18=TRUE,4,0) + IF(G18=TRUE,5,0) -> 5
A19: T3_KS1 | B19: Che livello di conoscenza hai su come funziona la funzione di scrittura guidata (rispondere a prompt/domande)? | C19: FALSE | D19: FALSE | E19: FALSE | F19: FALSE | G19: TRUE | H19: =IF(C19=TRUE,1,0) + IF(D19=TRUE,2,0) + IF(E19=TRUE,3,0) + IF(F19=TRUE,4,0) + IF(G19=TRUE,5,0) -> 5
A20: T3_KS2 | B20: Come valuti la tua competenza nel rispondere ai prompt proposti dall'app per riflettere? | C20: FALSE | D20: FALSE | E20: FALSE | F20: FALSE | G20: TRUE | H20: =IF(C20=TRUE,1,0) + IF(D20=TRUE,2,0) + IF(E20=TRUE,3,0) + IF(F20=TRUE,4,0) + IF(G20=TRUE,5,0) -> 5
A21: T4_KS1 | B21: Che livello di conoscenza hai su come usare la funzione diario per la scrittura libera? | C21: FALSE | D21: FALSE | E21: FALSE | F21: FALSE | G21: TRUE | H21: =IF(C21=TRUE,1,0) + IF(D21=TRUE,2,0) + IF(E21=TRUE,3,0) + IF(F21=TRUE,4,0) + IF(G21=TRUE,5,0) -> 5
A22: T4_KS2 | B22: Come valuti la tua competenza nello scrivere liberamente i tuoi pensieri, emozioni o eventi nel diario dell'app? | C22: FALSE | D22: FALSE | E22: FALSE | F22: TRUE | G22: FALSE | H22: =IF(C22=TRUE,1,0) + IF(D22=TRUE,2,0) + IF(E22=TRUE,3,0) + IF(F22=TRUE,4,0) + IF(G22=TRUE,5,0) -> 4
A23: T5_KS1 | B23: Che livello di conoscenza hai su come trovare e consultare le tue registrazioni passate (umore e note del diario)? | C23: FALSE | D23: FALSE | E23: FALSE | F23: FALSE | G23: TRUE | H23: =IF(C23=TRUE,1,0) + IF(D23=TRUE,2,0) + IF(E23=TRUE,3,0) + IF(F23=TRUE,4,0) + IF(G23=TRUE,5,0) -> 5
A24: T5_KS2 | B24: Come valuti la tua competenza nel navigare tra le tue registrazioni passate per ricordare o riflettere? | C24: FALSE | D24: FALSE | E24: FALSE | F24: FALSE | G24: TRUE | H24: =IF(C24=TRUE,1,0) + IF(D24=TRUE,2,0) + IF(E24=TRUE,3,0) + IF(F24=TRUE,4,0) + IF(G24=TRUE,5,0) -> 5
A25: T6_KS1 | B25: Che livello di conoscenza hai su come accedere e interpretare i grafici, calendari o sintesi sull'andamento dell'umore/temi? | C25: FALSE | D25: FALSE | E25: FALSE | F25: FALSE | G25: TRUE | H25: =IF(C25=TRUE,1,0) + IF(D25=TRUE,2,0) + IF(E25=TRUE,3,0) + IF(F25=TRUE,4,0) + IF(G25=TRUE,5,0) -> 5
A26: T6_KS2 | B26: Come valuti la tua competenza nell'utilizzare le visualizzazioni (grafici, ecc.) per capire i tuoi pattern o progressi? | C26: FALSE | D26: FALSE | E26: FALSE | F26: FALSE | G26: TRUE | H26: =IF(C26=TRUE,1,0) + IF(D26=TRUE,2,0) + IF(E26=TRUE,3,0) + IF(F26=TRUE,4,0) + IF(G26=TRUE,5,0) -> 5
... A28: T7_KS2 | B28: Come valuti la tua competenza nell'utilizzare efficacemente gli esercizi brevi per il tuo benessere? | C28: FALSE | D28: FALSE | E28: FALSE | F28: FALSE | G28: TRUE | H28: =IF(C28=TRUE,1,0) + IF(D28=TRUE,2,0) + IF(E28=TRUE,3,0) + IF(F28=TRUE,4,0) + IF(G28=TRUE,5,0) -> 5
B29: Personal Control | C29: FALSE | D29: FALSE | E29: FALSE | F29: FALSE | G29: FALSE | H29: =IF(C29=TRUE,1,0) + IF(D29=TRUE,2,0) + IF(E29=TRUE,3,0) + IF(F29=TRUE,4,0) + IF(G29=TRUE,5,0) -> 0
A30: T3_PC1 | B30: Come giudichi la tua abilità nel gestire eventuali difficoltà o blocchi mentre rispondi ai prompt di scrittura guidata? | C30: FALSE | D30: FALSE | E30: FALSE | F30: FALSE | G30: TRUE | H30: =IF(C30=TRUE,1,0) + IF(D30=TRUE,2,0) + IF(E30=TRUE,3,0) + IF(F30=TRUE,4,0) + IF(G30=TRUE,5,0) -> 5
A31: T3_PC2 | B31: Pensi di avere il controllo su come e quanto approfonditamente rispondere ai prompt di scrittura guidata? | C31: FALSE | D31: FALSE | E31: FALSE | F31: FALSE | G31: TRUE | H31: =IF(C31=TRUE,1,0) + IF(D31=TRUE,2,0) + IF(E31=TRUE,3,0) + IF(F31=TRUE,4,0) + IF(G31=TRUE,5,0) -> 5
A32: T4_PC1 | B32: Come giudichi la tua abilità nel superare un blocco dello scrittore o un'incertezza mentre usi la funzione di scrittura libera? | C32: FALSE | D32: FALSE | E32: FALSE | F32: FALSE | G32: TRUE | H32: =IF(C32=TRUE,1,0) + IF(D32=TRUE,2,0) + IF(E32=TRUE,3,0) + IF(F32=TRUE,4,0) + IF(G32=TRUE,5,0) -> 5
A33: T4_PC2 | B33: Pensi di avere il controllo su cosa, come e quando scrivere nel tuo diario libero? | C33: FALSE | D33: FALSE | E33: FALSE | F33: FALSE | G33: TRUE | H33: =IF(C33=TRUE,1,0) + IF(D33=TRUE,2,0) + IF(E33=TRUE,3,0) + IF(F33=TRUE,4,0) + IF(G33=TRUE,5,0) -> 5
A34: T7_PC1 | B34: Come giudichi la tua abilità nel gestire eventuali distrazioni o difficoltà durante l'esecuzione di un esercizio breve guidato? | C34: FALSE | D34: FALSE | E34: FALSE | F34: FALSE | G34: TRUE | H34: =IF(C34=TRUE,1,0) + IF(D34=TRUE,2,0) + IF(E34=TRUE,3,0) + IF(F34=TRUE,4,0) + IF(G34=TRUE,5,0) -> 5
A35: T7_PC2 | B35: Pensi di avere il controllo su quando e quale esercizio breve scegliere e avviare? | C35: FALSE | D35: FALSE | E35: FALSE | F35: FALSE | G35: TRUE | H35: =IF(C35=TRUE,1,0) + IF(D35=TRUE,2,0) + IF(E35=TRUE,3,0) + IF(F35=TRUE,4,0) + IF(G35=TRUE,5,0) -> 5
B36: Motivation | C36: FALSE | D36: FALSE | E36: FALSE | F36: FALSE | G36: FALSE | H36: =IF(C36=TRUE,1,0) + IF(D36=TRUE,2,0) + IF(E36=TRUE,3,0) + IF(F36=TRUE,4,0) + IF(G36=TRUE,5,0) -> 0
A37: T1_MOT1 | B37: Quanto è facile per te compiere i passi necessari per creare l'account e impostare le preferenze? | C37: FALSE | D37: FALSE | E37: FALSE | F37: FALSE | G37: TRUE | H37: =IF(C37=TRUE,1,0) + IF(D37=TRUE,2,0) + IF(E37=TRUE,3,0) + IF(F37=TRUE,4,0) + IF(G37=TRUE,5,0) -> 5
A38: T1_MOT2 | B38: Quanto è facile per te correggere eventuali errori durante la creazione dell'account o l'impostazione delle preferenze? | C38: FALSE | D38: FALSE | E38: FALSE | F38: TRUE | G38: FALSE | H38: =IF(C38=TRUE,1,0) + IF(D38=TRUE,2,0) + IF(E38=TRUE,3,0) + IF(F38=TRUE,4,0) + IF(G38=TRUE,5,0) -> 4
A39: T2_MOT1 | B39: Quanto è facile per te compiere le azioni per loggare velocemente il tuo umore? | C39: FALSE | D39: FALSE | E39: FALSE | F39: FALSE | G39: TRUE | H39: =IF(C39=TRUE,1,0) + IF(D39=TRUE,2,0) + IF(E39=TRUE,3,0) + IF(F39=TRUE,4,0) + IF(G39=TRUE,5,0) -> 5
A40: T2_MOT2 | B40: Quanto è facile per te correggere un errore se sbagli a loggare l'umore? | C40: FALSE | D40: FALSE | E40: FALSE | F40: TRUE | G40: FALSE | H40: =IF(C40=TRUE,1,0) + IF(D40=TRUE,2,0) + IF(E40=TRUE,3,0) + IF(F40=TRUE,4,0) + IF(G40=TRUE,5,0) -> 4
A41: T3_MOT1 | B41: Quanto è facile per te iniziare e completare una sessione di scrittura guidata quando proposto dall'app? | C41: FALSE | D41: FALSE | E41: FALSE | F41: FALSE | G41: TRUE | H41: =IF(C41=TRUE,1,0) + IF(D41=TRUE,2,0) + IF(E41=TRUE,3,0) + IF(F41=TRUE,4,0) + IF(G41=TRUE,5,0) -> 5
A42: T3_MOT2 | B42: Quanto è facile per te modificare o correggere quello che hai scritto in risposta a un prompt? | C42: FALSE | D42: FALSE | E42: FALSE | F42: FALSE | G42: TRUE | H42: =IF(C42=TRUE,1,0) + IF(D42=TRUE,2,0) + IF(E42=TRUE,3,0) + IF(F42=TRUE,4,0) + IF(G42=TRUE,5,0) -> 5
A43: T4_MOT1 | B43: Quanto è facile per te decidere di usare e poi effettivamente scrivere nel diario libero? | C43: FALSE | D43: FALSE | E43: FALSE | F43: FALSE | G43: TRUE | H43: =IF(C43=TRUE,1,0) + IF(D43=TRUE,2,0) + IF(E43=TRUE,3,0) + IF(F43=TRUE,4,0) + IF(G43=TRUE,5,0) -> 5
A44: T4_MOT2 | B44: Quanto è facile per te modificare, cancellare o correggere le tue note nel diario libero? | C44: FALSE | D44: FALSE | E44: FALSE | F44: TRUE | G44: FALSE | H44: =IF(C44=TRUE,1,0) + IF(D44=TRUE,2,0) + IF(E44=TRUE,3,0) + IF(F44=TRUE,4,0) + IF(G44=TRUE,5,0) -> 4
A45: T5_MOT1 | B45: Quanto è facile per te accedere e scorrere le tue registrazioni passate quando vuoi farlo? | C45: FALSE | D45: FALSE | E45: FALSE | F45: FALSE | G45: TRUE | H45: =IF(C45=TRUE,1,0) + IF(D45=TRUE,2,0) + IF(E45=TRUE,3,0) + IF(F45=TRUE,4,0) + IF(G45=TRUE,5,0) -> 5
A46: T5_MOT2 | B46: Quanto è facile per te orientarti e non perderti mentre consulti le tue registrazioni passate? | C46: FALSE | D46: FALSE | E46: FALSE | F46: FALSE | G46: TRUE | H46: =IF(C46=TRUE,1,0) + IF(D46=TRUE,2,0) + IF(E46=TRUE,3,0) + IF(F46=TRUE,4,0) + IF(G46=TRUE,5,0) -> 5
A47: T6_MOT1 | B47: Quanto è facile per te accedere alle visualizzazioni dei pattern quando sei interessato a vederle? | C47: FALSE | D47: FALSE | E47: FALSE | F47: FALSE | G47: TRUE | H47: =IF(C47=TRUE,1,0) + IF(D47=TRUE,2,0) + IF(E47=TRUE,3,0) + IF(F47=TRUE,4,0) + IF(G47=TRUE,5,0) -> 5
A48: T6_MOT2 | B48: Quanto è facile per te capire come interagire con i grafici (es. cambiare periodo, vedere dettagli) se necessario? | C48: FALSE | D48: FALSE | E48: FALSE | F48: FALSE | G48: TRUE | H48: =IF(C48=TRUE,1,0) + IF(D48=TRUE,2,0) + IF(E48=TRUE,3,0) + IF(F48=TRUE,4,0) + IF(G48=TRUE,5,0) -> 5
... A50: T7_MOT2 | B50: Quanto è facile per te ripetere un esercizio o provarne uno diverso se il primo non ti ha soddisfatto? | C50: FALSE | D50: FALSE | E50: FALSE | F50: FALSE | G50: TRUE | H50: =IF(C50=TRUE,1,0) + IF(D50=TRUE,2,0) + IF(E50=TRUE,3,0) + IF(F50=TRUE,4,0) + IF(G50=TRUE,5,0) -> 5

Sheet Quest.Utente10
B1: Self Efficacy | C1: Scarso | D1: Sufficiente | E1: Buono | F1: Molto Buono | G1: Eccellente | H1: Valore
A2: T2_SE1 | B2: Come valuti il tuo livello di disinvoltura nel loggare velocemente il tuo stato d'animo? | C2: FALSE | D2: FALSE | E2: FALSE | F2: FALSE | G2: TRUE | H2: =IF(C2=TRUE,1,0) + IF(D2=TRUE,2,0) + IF(E2=TRUE,3,0) + IF(F2=TRUE,4,0) + IF(G2=TRUE,5,0) -> 5
A3: T2_SE2 | B3: Come valuti la tua abilità nell'usare gli strumenti forniti (scala, emoji, tag) per loggare l'umore come intendi tu? | C3: FALSE | D3: FALSE | E3: FALSE | F3: FALSE | G3: TRUE | H3: =IF(C3=TRUE,1,0) + IF(D3=TRUE,2,0) + IF(E3=TRUE,3,0) + IF(F3=TRUE,4,0) + IF(G3=TRUE,5,0) -> 5
A4: T3_SE1 | B4: Come valuti il tuo livello di disinvoltura nell'usare la funzione di scrittura guidata per riflettere? | C4: FALSE | D4: FALSE | E4: FALSE | F4: FALSE | G4: TRUE | H4: =IF(C4=TRUE,1,0) + IF(D4=TRUE,2,0) + IF(E4=TRUE,3,0) + IF(F4=TRUE,4,0) + IF(G4=TRUE,5,0) -> 5
A5: T3_SE2 | B5: Come valuti la tua abilità nell'esprimere i tuoi pensieri e sentimenti rispondendo ai prompt proposti? | C5: FALSE | D5: FALSE | E5: FALSE | F5: FALSE | G5: TRUE | H5: =IF(C5=TRUE,1,0) + IF(D5=TRUE,2,0) + IF(E5=TRUE,3,0) + IF(F5=TRUE,4,0) + IF(G5=TRUE,5,0) -> 5
A6: T4_SE1 | B6: Come valuti il tuo livello di disinvoltura nello scrivere liberamente nel diario dell'app? | C6: FALSE | D6: FALSE | E6: FALSE | F6: FALSE | G6: TRUE | H6: =IF(C6=TRUE,1,0) + IF(D6=TRUE,2,0) + IF(E6=TRUE,3,0) + IF(F6=TRUE,4,0) + IF(G6=TRUE,5,0) -> 5
A7: T4_SE2 | B7: Come valuti la tua abilità nell'esprimere liberamente ciò che senti o pensi usando la funzione diario? | C7: FALSE | D7: FALSE | E7: FALSE | F7: FALSE | G7: TRUE | H7: =IF(C7=TRUE,1,0) + IF(D7=TRUE,2,0) + IF(E7=TRUE,3,0) + IF(F7=TRUE,4,0) + IF(G7=TRUE,5,0) -> 5
A8: T5_SE1 | B8: Come valuti il tuo livello di disinvoltura nel consultare le tue registrazioni passate (umore e note)? | C8: FALSE | D8: FALSE | E8: FALSE | F8: TRUE | G8: FALSE | H8: =IF(C8=TRUE,1,0) + IF(D8=TRUE,2,0) + IF(E8=TRUE,3,0) + IF(F8=TRUE,4,0) + IF(G8=TRUE,5,0) -> 4
A9: T5_SE2 | B9: Come valuti la tua abilità nel trovare specifiche informazioni o note all'interno delle tue registrazioni passate? | C9: FALSE | D9: FALSE | E9: FALSE | F9: FALSE | G9: TRUE | H9: =IF(C9=TRUE,1,0) + IF(D9=TRUE,2,0) + IF(E9=TRUE,3,0) + IF(F9=TRUE,4,0) + IF(G9=TRUE,5,0) -> 5
A10: T6_SE1 | B10: Come valuti il tuo livello di disinvoltura nell'accedere e guardare i grafici e le sintesi dei tuoi dati? | C10: FALSE | D10: FALSE | E10: FALSE | F10: TRUE | G10: TRUE | H10: =IF(C10=TRUE,1,0) + IF(D10=TRUE,2,0) + IF(E10=TRUE,3,0) + IF(F10=TRUE,4,0) + IF(G10=TRUE,5,0) -> 9
A11: T6_SE2 | B11: Come valuti la tua abilità nell'interpretare correttamente le informazioni presentate nei grafici e nelle sintesi? | C11: FALSE | D11: FALSE | E11: FALSE | F11: FALSE | G11: FALSE | H11: =IF(C11=TRUE,1,0) + IF(D11=TRUE,2,0) + IF(E11=TRUE,3,0) + IF(F11=TRUE,4,0) + IF(G11=TRUE,5,0) -> 0
A12: T7_SE1 | B12: Come valuti il tuo livello di disinvoltura nell'utilizzare le brevi pratiche guidate (es. respirazione, mindfulness)? | C12: FALSE | D12: FALSE | E12: FALSE | F12: TRUE | G12: TRUE | H12: =IF(C12=TRUE,1,0) + IF(D12=TRUE,2,0) + IF(E12=TRUE,3,0) + IF(F12=TRUE,4,0) + IF(G12=TRUE,5,0) -> 9
A13: T7_SE2 | B13: Come valuti la tua abilità nel seguire le istruzioni e completare efficacemente gli esercizi brevi proposti? | C13: FALSE | D13: FALSE | E13: FALSE | F13: FALSE | G13: FALSE | H13: =IF(C13=TRUE,1,0) + IF(D13=TRUE,2,0) + IF(E13=TRUE,3,0) + IF(F13=TRUE,4,0) + IF(G13=TRUE,5,0) -> 0
B14: Knowledge&Skills | C14: FALSE | D14: FALSE | E14: FALSE | F14: FALSE | G14: FALSE | H14: =IF(C14=TRUE,1,0) + IF(D14=TRUE,2,0) + IF(E14=TRUE,3,0) + IF(F14=TRUE,4,0) + IF(G14=TRUE,5,0) -> 0
A15: T1_KS1 | B15: Che livello di conoscenza hai su come creare un account e impostare le preferenze iniziali nell'app? | C15: FALSE | D15: FALSE | E15: FALSE | F15: FALSE | G15: TRUE | H15: =IF(C15=TRUE,1,0) + IF(D15=TRUE,2,0) + IF(E15=TRUE,3,0) + IF(F15=TRUE,4,0) + IF(G15=TRUE,5,0) -> 5
A16: T1_KS2 | B16: Come valuti la tua competenza nel creare l'account e impostare le preferenze iniziali come desideri? | C16: FALSE | D16: FALSE | E16: FALSE | F16: FALSE | G16: TRUE | H16: =IF(C16=TRUE,1,0) + IF(D16=TRUE,2,0) + IF(E16=TRUE,3,0) + IF(F16=TRUE,4,0) + IF(G16=TRUE,5,0) -> 5
A17: T2_KS1 | B17: Che livello di conoscenza hai su come loggare velocemente il tuo stato d'animo usando gli strumenti dell'app (scala, emoji, tag)? | C17: FALSE | D17: FALSE | E17: FALSE | F17: FALSE | G17: FALSE | H17: =IF(C17=TRUE,1,0) + IF(D17=TRUE,2,0) + IF(E17=TRUE,3,0) + IF(F17=TRUE,4,0) + IF(G17=TRUE,5,0) -> 0
A18: T2_KS2 | B18: Come valuti la tua competenza nel loggare il tuo umore in modo rapido ed efficace? | C18: FALSE | D18: FALSE | E18: FALSE | F18: TRUE | G18: TRUE | H18: =IF(C18=TRUE,1,0) + IF(D18=TRUE,2,0) + IF(E18=TRUE,3,0) + IF(F18=TRUE,4,0) + IF(G18=TRUE,5,0) -> 9
A19: T3_KS1 | B19: Che livello di conoscenza hai su come funziona la funzione di scrittura guidata (rispondere a prompt/domande)? | C19: FALSE | D19: FALSE | E19: FALSE | F19: FALSE | G19: TRUE | H19: =IF(C19=TRUE,1,0) + IF(D19=TRUE,2,0) + IF(E19=TRUE,3,0) + IF(F19=TRUE,4,0) + IF(G19=TRUE,5,0) -> 5
A20: T3_KS2 | B20: Come valuti la tua competenza nel rispondere ai prompt proposti dall'app per riflettere? | C20: FALSE | D20: FALSE | E20: FALSE | F20: FALSE | G20: TRUE | H20: =IF(C20=TRUE,1,0) + IF(D20=TRUE,2,0) + IF(E20=TRUE,3,0) + IF(F20=TRUE,4,0) + IF(G20=TRUE,5,0) -> 5
A21: T4_KS1 | B21: Che livello di conoscenza hai su come usare la funzione diario per la scrittura libera? | C21: FALSE | D21: FALSE | E21: FALSE | F21: TRUE | G21: FALSE | H21: =IF(C21=TRUE,1,0) + IF(D21=TRUE,2,0) + IF(E21=TRUE,3,0) + IF(F21=TRUE,4,0) + IF(G21=TRUE,5,0) -> 4
A22: T4_KS2 | B22: Come valuti la tua competenza nello scrivere liberamente i tuoi pensieri, emozioni o eventi nel diario dell'app? | C22: FALSE | D22: FALSE | E22: FALSE | F22: FALSE | G22: TRUE | H22: =IF(C22=TRUE,1,0) + IF(D22=TRUE,2,0) + IF(E22=TRUE,3,0) + IF(F22=TRUE,4,0) + IF(G22=TRUE,5,0) -> 5
A23: T5_KS1 | B23: Che livello di conoscenza hai su come trovare e consultare le tue registrazioni passate (umore e note del diario)? | C23: FALSE | D23: FALSE | E23: FALSE | F23: FALSE | G23: TRUE | H23: =IF(C23=TRUE,1,0) + IF(D23=TRUE,2,0) + IF(E23=TRUE,3,0) + IF(F23=TRUE,4,0) + IF(G23=TRUE,5,0) -> 5
A24: T5_KS2 | B24: Come valuti la tua competenza nel navigare tra le tue registrazioni passate per ricordare o riflettere? | C24: FALSE | D24: FALSE | E24: FALSE | F24: FALSE | G24: TRUE | H24: =IF(C24=TRUE,1,0) + IF(D24=TRUE,2,0) + IF(E24=TRUE,3,0) + IF(F24=TRUE,4,0) + IF(G24=TRUE,5,0) -> 5
A25: T6_KS1 | B25: Che livello di conoscenza hai su come accedere e interpretare i grafici, calendari o sintesi sull'andamento dell'umore/temi? | C25: FALSE | D25: FALSE | E25: FALSE | F25: TRUE | G25: FALSE | H25: =IF(C25=TRUE,1,0) + IF(D25=TRUE,2,0) + IF(E25=TRUE,3,0) + IF(F25=TRUE,4,0) + IF(G25=TRUE,5,0) -> 4
A26: T6_KS2 | B26: Come valuti la tua competenza nell'utilizzare le visualizzazioni (grafici, ecc.) per capire i tuoi pattern o progressi? | C26: FALSE | D26: FALSE | E26: FALSE | F26: FALSE | G26: TRUE | H26: =IF(C26=TRUE,1,0) + IF(D26=TRUE,2,0) + IF(E26=TRUE,3,0) + IF(F26=TRUE,4,0) + IF(G26=TRUE,5,0) -> 5
... A28: T7_KS2 | B28: Come valuti la tua competenza nell'utilizzare efficacemente gli esercizi brevi per il tuo benessere? | C28: FALSE | D28: FALSE | E28: FALSE | F28: FALSE | G28: TRUE | H28: =IF(C28=TRUE,1,0) + IF(D28=TRUE,2,0) + IF(E28=TRUE,3,0) + IF(F28=TRUE,4,0) + IF(G28=TRUE,5,0) -> 5
B29: Personal Control | C29: FALSE | D29: FALSE | E29: FALSE | F29: FALSE | G29: FALSE | H29: =IF(C29=TRUE,1,0) + IF(D29=TRUE,2,0) + IF(E29=TRUE,3,0) + IF(F29=TRUE,4,0) + IF(G29=TRUE,5,0) -> 0
A30: T3_PC1 | B30: Come giudichi la tua abilità nel gestire eventuali difficoltà o blocchi mentre rispondi ai prompt di scrittura guidata? | C30: FALSE | D30: FALSE | E30: FALSE | F30: FALSE | G30: TRUE | H30: =IF(C30=TRUE,1,0) + IF(D30=TRUE,2,0) + IF(E30=TRUE,3,0) + IF(F30=TRUE,4,0) + IF(G30=TRUE,5,0) -> 5
A31: T3_PC2 | B31: Pensi di avere il controllo su come e quanto approfonditamente rispondere ai prompt di scrittura guidata? | C31: FALSE | D31: FALSE | E31: FALSE | F31: FALSE | G31: TRUE | H31: =IF(C31=TRUE,1,0) + IF(D31=TRUE,2,0) + IF(E31=TRUE,3,0) + IF(F31=TRUE,4,0) + IF(G31=TRUE,5,0) -> 5
A32: T4_PC1 | B32: Come giudichi la tua abilità nel superare un blocco dello scrittore o un'incertezza mentre usi la funzione di scrittura libera? | C32: FALSE | D32: FALSE | E32: FALSE | F32: FALSE | G32: TRUE | H32: =IF(C32=TRUE,1,0) + IF(D32=TRUE,2,0) + IF(E32=TRUE,3,0) + IF(F32=TRUE,4,0) + IF(G32=TRUE,5,0) -> 5
A33: T4_PC2 | B33: Pensi di avere il controllo su cosa, come e quando scrivere nel tuo diario libero? | C33: FALSE | D33: FALSE | E33: FALSE | F33: FALSE | G33: TRUE | H33: =IF(C33=TRUE,1,0) + IF(D33=TRUE,2,0) + IF(E33=TRUE,3,0) + IF(F33=TRUE,4,0) + IF(G33=TRUE,5,0) -> 5
A34: T7_PC1 | B34: Come giudichi la tua abilità nel gestire eventuali distrazioni o difficoltà durante l'esecuzione di un esercizio breve guidato? | C34: FALSE | D34: FALSE | E34: FALSE | F34: FALSE | G34: TRUE | H34: =IF(C34=TRUE,1,0) + IF(D34=TRUE,2,0) + IF(E34=TRUE,3,0) + IF(F34=TRUE,4,0) + IF(G34=TRUE,5,0) -> 5
A35: T7_PC2 | B35: Pensi di avere il controllo su quando e quale esercizio breve scegliere e avviare? | C35: FALSE | D35: FALSE | E35: FALSE | F35: FALSE | G35: TRUE | H35: =IF(C35=TRUE,1,0) + IF(D35=TRUE,2,0) + IF(E35=TRUE,3,0) + IF(F35=TRUE,4,0) + IF(G35=TRUE,5,0) -> 5
B36: Motivation | C36: FALSE | D36: FALSE | E36: FALSE | F36: FALSE | G36: FALSE | H36: =IF(C36=TRUE,1,0) + IF(D36=TRUE,2,0) + IF(E36=TRUE,3,0) + IF(F36=TRUE,4,0) + IF(G36=TRUE,5,0) -> 0
A37: T1_MOT1 | B37: Quanto è facile per te compiere i passi necessari per creare l'account e impostare le preferenze? | C37: FALSE | D37: FALSE | E37: FALSE | F37: FALSE | G37: TRUE | H37: =IF(C37=TRUE,1,0) + IF(D37=TRUE,2,0) + IF(E37=TRUE,3,0) + IF(F37=TRUE,4,0) + IF(G37=TRUE,5,0) -> 5
A38: T1_MOT2 | B38: Quanto è facile per te correggere eventuali errori durante la creazione dell'account o l'impostazione delle preferenze? | C38: FALSE | D38: FALSE | E38: FALSE | F38: TRUE | G38: FALSE | H38: =IF(C38=TRUE,1,0) + IF(D38=TRUE,2,0) + IF(E38=TRUE,3,0) + IF(F38=TRUE,4,0) + IF(G38=TRUE,5,0) -> 4
A39: T2_MOT1 | B39: Quanto è facile per te compiere le azioni per loggare velocemente il tuo umore? | C39: FALSE | D39: FALSE | E39: FALSE | F39: FALSE | G39: TRUE | H39: =IF(C39=TRUE,1,0) + IF(D39=TRUE,2,0) + IF(E39=TRUE,3,0) + IF(F39=TRUE,4,0) + IF(G39=TRUE,5,0) -> 5
A40: T2_MOT2 | B40: Quanto è facile per te correggere un errore se sbagli a loggare l'umore? | C40: FALSE | D40: FALSE | E40: FALSE | F40: FALSE | G40: TRUE | H40: =IF(C40=TRUE,1,0) + IF(D40=TRUE,2,0) + IF(E40=TRUE,3,0) + IF(F40=TRUE,4,0) + IF(G40=TRUE,5,0) -> 5
A41: T3_MOT1 | B41: Quanto è facile per te iniziare e completare una sessione di scrittura guidata quando proposto dall'app? | C41: FALSE | D41: FALSE | E41: FALSE | F41: FALSE | G41: TRUE | H41: =IF(C41=TRUE,1,0) + IF(D41=TRUE,2,0) + IF(E41=TRUE,3,0) + IF(F41=TRUE,4,0) + IF(G41=TRUE,5,0) -> 5
A42: T3_MOT2 | B42: Quanto è facile per te modificare o correggere quello che hai scritto in risposta a un prompt? | C42: FALSE | D42: FALSE | E42: FALSE | F42: FALSE | G42: TRUE | H42: =IF(C42=TRUE,1,0) + IF(D42=TRUE,2,0) + IF(E42=TRUE,3,0) + IF(F42=TRUE,4,0) + IF(G42=TRUE,5,0) -> 5
A43: T4_MOT1 | B43: Quanto è facile per te decidere di usare e poi effettivamente scrivere nel diario libero? | C43: FALSE | D43: FALSE | E43: FALSE | F43: FALSE | G43: TRUE | H43: =IF(C43=TRUE,1,0) + IF(D43=TRUE,2,0) + IF(E43=TRUE,3,0) + IF(F43=TRUE,4,0) + IF(G43=TRUE,5,0) -> 5
A44: T4_MOT2 | B44: Quanto è facile per te modificare, cancellare o correggere le tue note nel diario libero? | C44: FALSE | D44: FALSE | E44: FALSE | F44: FALSE | G44: TRUE | H44: =IF(C44=TRUE,1,0) + IF(D44=TRUE,2,0) + IF(E44=TRUE,3,0) + IF(F44=TRUE,4,0) + IF(G44=TRUE,5,0) -> 5
A45: T5_MOT1 | B45: Quanto è facile per te accedere e scorrere le tue registrazioni passate quando vuoi farlo? | C45: FALSE | D45: FALSE | E45: FALSE | F45: FALSE | G45: TRUE | H45: =IF(C45=TRUE,1,0) + IF(D45=TRUE,2,0) + IF(E45=TRUE,3,0) + IF(F45=TRUE,4,0) + IF(G45=TRUE,5,0) -> 5
A46: T5_MOT2 | B46: Quanto è facile per te orientarti e non perderti mentre consulti le tue registrazioni passate? | C46: FALSE | D46: FALSE | E46: FALSE | F46: FALSE | G46: TRUE | H46: =IF(C46=TRUE,1,0) + IF(D46=TRUE,2,0) + IF(E46=TRUE,3,0) + IF(F46=TRUE,4,0) + IF(G46=TRUE,5,0) -> 5
A47: T6_MOT1 | B47: Quanto è facile per te accedere alle visualizzazioni dei pattern quando sei interessato a vederle? | C47: FALSE | D47: FALSE | E47: FALSE | F47: FALSE | G47: TRUE | H47: =IF(C47=TRUE,1,0) + IF(D47=TRUE,2,0) + IF(E47=TRUE,3,0) + IF(F47=TRUE,4,0) + IF(G47=TRUE,5,0) -> 5
A48: T6_MOT2 | B48: Quanto è facile per te capire come interagire con i grafici (es. cambiare periodo, vedere dettagli) se necessario? | C48: FALSE | D48: FALSE | E48: FALSE | F48: TRUE | G48: FALSE | H48: =IF(C48=TRUE,1,0) + IF(D48=TRUE,2,0) + IF(E48=TRUE,3,0) + IF(F48=TRUE,4,0) + IF(G48=TRUE,5,0) -> 4
... A50: T7_MOT2 | B50: Quanto è facile per te ripetere un esercizio o provarne uno diverso se il primo non ti ha soddisfatto? | C50: FALSE | D50: FALSE | E50: FALSE | F50: FALSE | G50: TRUE | H50: =IF(C50=TRUE,1,0) + IF(D50=TRUE,2,0) + IF(E50=TRUE,3,0) + IF(F50=TRUE,4,0) + IF(G50=TRUE,5,0) -> 5

Sheet MEDIE
B1: Self Efficacy | C1: Valore
A2: T2_SE1 | B2: Come valuti il tuo livello di disinvoltura nel loggare velocemente il tuo stato d'animo? | C2: =AVERAGE(Quest.Utente1!H2,Quest.Utente2!H2,Quest.Utente3!H2,Quest.Utente4!H2,Quest.Utente5!H2,Quest.Utente6!H2,Quest.Utente7!H2,Quest.Utente8!H2,Quest.Utente9!H2,Quest.Utente10!H2) -> 5
A3: T2_SE2 | B3: Come valuti la tua abilità nell'usare gli strumenti forniti (scala, emoji, tag) per loggare l'umore come intendi tu? | C3: =AVERAGE(Quest.Utente1!H3,Quest.Utente2!H3,Quest.Utente3!H3,Quest.Utente4!H3,Quest.Utente5!H3,Quest.Utente6!H3,Quest.Utente7!H3,Quest.Utente8!H3,Quest.Utente9!H3,Quest.Utente10!H3) -> 4.2
C4: =AVERAGE(C2:C3) -> 4.6
A5: T3_SE1 | B5: Come valuti il tuo livello di disinvoltura nell'usare la funzione di scrittura guidata per riflettere? | C5: =AVERAGE(Quest.Utente1!H4,Quest.Utente2!H4,Quest.Utente3!H4,Quest.Utente4!H4,Quest.Utente5!H4,Quest.Utente6!H4,Quest.Utente7!H4,Quest.Utente8!H4,Quest.Utente9!H4,Quest.Utente10!H4) -> 4.2
A6: T3_SE2 | B6: Come valuti la tua abilità nell'esprimere i tuoi pensieri e sentimenti rispondendo ai prompt proposti? | C6: =AVERAGE(Quest.Utente1!H5,Quest.Utente2!H5,Quest.Utente3!H5,Quest.Utente4!H5,Quest.Utente5!H5,Quest.Utente6!H5,Quest.Utente7!H5,Quest.Utente8!H5,Quest.Utente9!H5,Quest.Utente10!H5) -> 4.1
C7: =AVERAGE(C5:C6) -> 4.15
A8: T4_SE1 | B8: Come valuti il tuo livello di disinvoltura nello scrivere liberamente nel diario dell'app? | C8: =AVERAGE(Quest.Utente1!H6,Quest.Utente2!H6,Quest.Utente3!H6,Quest.Utente4!H6,Quest.Utente5!H6,Quest.Utente6!H6,Quest.Utente7!H6,Quest.Utente8!H6,Quest.Utente9!H6,Quest.Utente10!H6) -> 3.6
A9: T4_SE2 | B9: Come valuti la tua abilità nell'esprimere liberamente ciò che senti o pensi usando la funzione diario? | C9: =AVERAGE(Quest.Utente1!H7,Quest.Utente2!H7,Quest.Utente3!H7,Quest.Utente4!H7,Quest.Utente5!H7,Quest.Utente6!H7,Quest.Utente7!H7,Quest.Utente8!H7,Quest.Utente9!H7,Quest.Utente10!H7) -> 4.3
C10: =AVERAGE(C8:C9) -> 3.95
A11: T5_SE1 | B11: Come valuti il tuo livello di disinvoltura nel consultare le tue registrazioni passate (umore e note)? | C11: =AVERAGE(Quest.Utente1!H8,Quest.Utente2!H8,Quest.Utente3!H8,Quest.Utente4!H8,Quest.Utente5!H8,Quest.Utente6!H8,Quest.Utente7!H8,Quest.Utente8!H8,Quest.Utente9!H8,Quest.Utente10!H8) -> 4.1
A12: T5_SE2 | B12: Come valuti la tua abilità nel trovare specifiche informazioni o note all'interno delle tue registrazioni passate? | C12: =AVERAGE(Quest.Utente1!H9,Quest.Utente2!H9,Quest.Utente3!H9,Quest.Utente4!H9,Quest.Utente5!H9,Quest.Utente6!H9,Quest.Utente7!H9,Quest.Utente8!H9,Quest.Utente9!H9,Quest.Utente10!H9) -> 4.4
C13: =AVERAGE(C11:C12) -> 4.25
A14: T6_SE1 | B14: Come valuti il tuo livello di disinvoltura nell'accedere e guardare i grafici e le sintesi dei tuoi dati? | C14: =AVERAGE(Quest.Utente1!H10,Quest.Utente2!H10,Quest.Utente3!H10,Quest.Utente4!H10,Quest.Utente5!H10,Quest.Utente6!H10,Quest.Utente7!H10,Quest.Utente8!H10,Quest.Utente9!H10,Quest.Utente10!H10) -> 4.1
A15: T6_SE2 | B15: Come valuti la tua abilità nell'interpretare correttamente le informazioni presentate nei grafici e nelle sintesi? | C15: =AVERAGE(Quest.Utente1!H11,Quest.Utente2!H11,Quest.Utente3!H11,Quest.Utente4!H11,Quest.Utente5!H11,Quest.Utente6!H11,Quest.Utente7!H11,Quest.Utente8!H11,Quest.Utente9!H11,Quest.Utente10!H11) -> 3.8
C16: =AVERAGE(C14:C15) -> 3.95
A17: T7_SE1 | B17: Come valuti il tuo livello di disinvoltura nell'utilizzare le brevi pratiche guidate (es. respirazione, mindfulness)? | C17: =AVERAGE(Quest.Utente1!H12,Quest.Utente2!H12,Quest.Utente3!H12,Quest.Utente4!H12,Quest.Utente5!H12,Quest.Utente6!H12,Quest.Utente7!H12,Quest.Utente8!H12,Quest.Utente9!H12,Quest.Utente10!H12) -> 4.6
A18: T7_SE2 | B18: Come valuti la tua abilità nel seguire le istruzioni e completare efficacemente gli esercizi brevi proposti? | C18: =AVERAGE(Quest.Utente1!H13,Quest.Utente2!H13,Quest.Utente3!H13,Quest.Utente4!H13,Quest.Utente5!H13,Quest.Utente6!H13,Quest.Utente7!H13,Quest.Utente8!H13,Quest.Utente9!H13,Quest.Utente10!H13) -> 3.6
C19: =AVERAGE(C17:C18) -> 4.1
B20: Knowledge&Skills | C20: =AVERAGE(Quest.Utente1!H14,Quest.Utente2!H14,Quest.Utente3!H14,Quest.Utente4!H14,Quest.Utente5!H14,Quest.Utente6!H14,Quest.Utente7!H14,Quest.Utente8!H14,Quest.Utente9!H14,Quest.Utente10!H14) -> 0
A21: T1_KS1 | B21: Che livello di conoscenza hai su come creare un account e impostare le preferenze iniziali nell'app? | C21: =AVERAGE(Quest.Utente1!H15,Quest.Utente2!H15,Quest.Utente3!H15,Quest.Utente4!H15,Quest.Utente5!H15,Quest.Utente6!H15,Quest.Utente7!H15,Quest.Utente8!H15,Quest.Utente9!H15,Quest.Utente10!H15) -> 3.7
A22: T1_KS2 | B22: Come valuti la tua competenza nel creare l'account e impostare le preferenze iniziali come desideri? | C22: =AVERAGE(Quest.Utente1!H16,Quest.Utente2!H16,Quest.Utente3!H16,Quest.Utente4!H16,Quest.Utente5!H16,Quest.Utente6!H16,Quest.Utente7!H16,Quest.Utente8!H16,Quest.Utente9!H16,Quest.Utente10!H16) -> 3.9
C23: =AVERAGE(C21:C22) -> 3.8
A24: T2_KS1 | B24: Che livello di conoscenza hai su come loggare velocemente il tuo stato d'animo usando gli strumenti dell'app (scala, emoji, tag)? | C24: =AVERAGE(Quest.Utente1!H17,Quest.Utente2!H17,Quest.Utente3!H17,Quest.Utente4!H17,Quest.Utente5!H17,Quest.Utente6!H17,Quest.Utente7!H17,Quest.Utente8!H17,Quest.Utente9!H17,Quest.Utente10!H17) -> 3.3
A25: T2_KS2 | B25: Come valuti la tua competenza nel loggare il tuo umore in modo rapido ed efficace? | C25: =AVERAGE(Quest.Utente1!H18,Quest.Utente2!H18,Quest.Utente3!H18,Quest.Utente4!H18,Quest.Utente5!H18,Quest.Utente6!H18,Quest.Utente7!H18,Quest.Utente8!H18,Quest.Utente9!H18,Quest.Utente10!H18) -> 4.3
C26: =AVERAGE(C21:C25) -> 3.8
A27: T3_KS1 | B27: Che livello di conoscenza hai su come funziona la funzione di scrittura guidata (rispondere a prompt/domande)? | C27: =AVERAGE(Quest.Utente1!H19,Quest.Utente2!H19,Quest.Utente3!H19,Quest.Utente4!H19,Quest.Utente5!H19,Quest.Utente6!H19,Quest.Utente7!H19,Quest.Utente8!H19,Quest.Utente9!H19,Quest.Utente10!H19) -> 4.7
A28: T3_KS2 | B28: Come valuti la tua competenza nel rispondere ai prompt proposti dall'app per riflettere? | C28: =AVERAGE(Quest.Utente1!H20,Quest.Utente2!H20,Quest.Utente3!H20,Quest.Utente4!H20,Quest.Utente5!H20,Quest.Utente6!H20,Quest.Utente7!H20,Quest.Utente8!H20,Quest.Utente9!H20,Quest.Utente10!H20) -> 3.9
C29: =AVERAGE(C27:C28) -> 4.3
A30: T4_KS1 | B30: Che livello di conoscenza hai su come usare la funzione diario per la scrittura libera? | C30: =AVERAGE(Quest.Utente1!H21,Quest.Utente2!H21,Quest.Utente3!H21,Quest.Utente4!H21,Quest.Utente5!H21,Quest.Utente6!H21,Quest.Utente7!H21,Quest.Utente8!H21,Quest.Utente9!H21,Quest.Utente10!H21) -> 3.6
A31: T4_KS2 | B31: Come valuti la tua competenza nello scrivere liberamente i tuoi pensieri, emozioni o eventi nel diario dell'app? | C31: =AVERAGE(Quest.Utente1!H22,Quest.Utente2!H22,Quest.Utente3!H22,Quest.Utente4!H22,Quest.Utente5!H22,Quest.Utente6!H22,Quest.Utente7!H22,Quest.Utente8!H22,Quest.Utente9!H22,Quest.Utente10!H22) -> 3.8
C32: =AVERAGE(C30:C31) -> 3.7
A33: T5_KS1 | B33: Che livello di conoscenza hai su come trovare e consultare le tue registrazioni passate (umore e note del diario)? | C33: =AVERAGE(Quest.Utente1!H23,Quest.Utente2!H23,Quest.Utente3!H23,Quest.Utente4!H23,Quest.Utente5!H23,Quest.Utente6!H23,Quest.Utente7!H23,Quest.Utente8!H23,Quest.Utente9!H23,Quest.Utente10!H23) -> 3.7
A34: T5_KS2 | B34: Come valuti la tua competenza nel navigare tra le tue registrazioni passate per ricordare o riflettere? | C34: =AVERAGE(Quest.Utente1!H24,Quest.Utente2!H24,Quest.Utente3!H24,Quest.Utente4!H24,Quest.Utente5!H24,Quest.Utente6!H24,Quest.Utente7!H24,Quest.Utente8!H24,Quest.Utente9!H24,Quest.Utente10!H24) -> 4.4
C35: =AVERAGE(C33:C34) -> 4.05
A36: T6_KS1 | B36: Che livello di conoscenza hai su come accedere e interpretare i grafici, calendari o sintesi sull'andamento dell'umore/temi? | C36: =AVERAGE(Quest.Utente1!H25,Quest.Utente2!H25,Quest.Utente3!H25,Quest.Utente4!H25,Quest.Utente5!H25,Quest.Utente6!H25,Quest.Utente7!H25,Quest.Utente8!H25,Quest.Utente9!H25,Quest.Utente10!H25) -> 3.6
A37: T6_KS2 | B37: Come valuti la tua competenza nell'utilizzare le visualizzazioni (grafici, ecc.) per capire i tuoi pattern o progressi? | C37: =AVERAGE(Quest.Utente1!H26,Quest.Utente2!H26,Quest.Utente3!H26,Quest.Utente4!H26,Quest.Utente5!H26,Quest.Utente6!H26,Quest.Utente7!H26,Quest.Utente8!H26,Quest.Utente9!H26,Quest.Utente10!H26) -> 4.3
C38: =AVERAGE(C36:C37) -> 3.95
A39: T7_KS1 | B39: Che livello di conoscenza hai su come trovare e avviare le brevi pratiche guidate (es. respirazione, mindfulness) nell'app? | C39: =AVERAGE(Quest.Utente1!H27,Quest.Utente2!H27,Quest.Utente3!H27,Quest.Utente4!H27,Quest.Utente5!H27,Quest.Utente6!H27,Quest.Utente7!H27,Quest.Utente8!H27,Quest.Utente9!H27,Quest.Utente10!H27) -> 4.4
A40: T7_KS2 | B40: Come valuti la tua competenza nell'utilizzare efficacemente gli esercizi brevi per il tuo benessere? | C40: =AVERAGE(Quest.Utente1!H28,Quest.Utente2!H28,Quest.Utente3!H28,Quest.Utente4!H28,Quest.Utente5!H28,Quest.Utente6!H28,Quest.Utente7!H28,Quest.Utente8!H28,Quest.Utente9!H28,Quest.Utente10!H28) -> 4.7
C41: =AVERAGE(C39:C40) -> 4.55
B42: Personal Control | C42: =AVERAGE(Quest.Utente1!H29,Quest.Utente2!H29,Quest.Utente3!H29,Quest.Utente4!H29,Quest.Utente5!H29,Quest.Utente6!H29,Quest.Utente7!H29,Quest.Utente8!H29,Quest.Utente9!H29,Quest.Utente10!H29) -> 0
A43: T3_PC1 | B43: Come giudichi la tua abilità nel gestire eventuali difficoltà o blocchi mentre rispondi ai prompt di scrittura guidata? | C43: =AVERAGE(Quest.Utente1!H30,Quest.Utente2!H30,Quest.Utente3!H30,Quest.Utente4!H30,Quest.Utente5!H30,Quest.Utente6!H30,Quest.Utente7!H30,Quest.Utente8!H30,Quest.Utente9!H30,Quest.Utente10!H30) -> 3.7
A44: T3_PC2 | B44: Pensi di avere il controllo su come e quanto approfonditamente rispondere ai prompt di scrittura guidata? | C44: =AVERAGE(Quest.Utente1!H31,Quest.Utente2!H31,Quest.Utente3!H31,Quest.Utente4!H31,Quest.Utente5!H31,Quest.Utente6!H31,Quest.Utente7!H31,Quest.Utente8!H31,Quest.Utente9!H31,Quest.Utente10!H31) -> 3.7
C45: =AVERAGE(C43:C44) -> 3.7
A46: T4_PC1 | B46: Come giudichi la tua abilità nel superare un blocco dello scrittore o un'incertezza mentre usi la funzione di scrittura libera? | C46: =AVERAGE(Quest.Utente1!H32,Quest.Utente2!H32,Quest.Utente3!H32,Quest.Utente4!H32,Quest.Utente5!H32,Quest.Utente6!H32,Quest.Utente7!H32,Quest.Utente8!H32,Quest.Utente9!H32,Quest.Utente10!H32) -> 3.6
A47: T4_PC2 | B47: Pensi di avere il controllo su cosa, come e quando scrivere nel tuo diario libero? | C47: =AVERAGE(Quest.Utente1!H33,Quest.Utente2!H33,Quest.Utente3!H33,Quest.Utente4!H33,Quest.Utente5!H33,Quest.Utente6!H33,Quest.Utente7!H33,Quest.Utente8!H33,Quest.Utente9!H33,Quest.Utente10!H33) -> 4.1
C48: =AVERAGE(C46:C47) -> 3.85
A49: T7_PC1 | B49: Come giudichi la tua abilità nel gestire eventuali distrazioni o difficoltà durante l'esecuzione di un esercizio breve guidato? | C49: =AVERAGE(Quest.Utente1!H34,Quest.Utente2!H34,Quest.Utente3!H34,Quest.Utente4!H34,Quest.Utente5!H34,Quest.Utente6!H34,Quest.Utente7!H34,Quest.Utente8!H34,Quest.Utente9!H34,Quest.Utente10!H34) -> 4.2
A50: T7_PC2 | B50: Pensi di avere il controllo su quando e quale esercizio breve scegliere e avviare? | C50: =AVERAGE(Quest.Utente1!H35,Quest.Utente2!H35,Quest.Utente3!H35,Quest.Utente4!H35,Quest.Utente5!H35,Quest.Utente6!H35,Quest.Utente7!H35,Quest.Utente8!H35,Quest.Utente9!H35,Quest.Utente10!H35) -> 4.4
C51: =AVERAGE(C49:C50) -> 4.3
B52: Motivation | C52: =AVERAGE(Quest.Utente1!H36,Quest.Utente2!H36,Quest.Utente3!H36,Quest.Utente4!H36,Quest.Utente5!H36,Quest.Utente6!H36,Quest.Utente7!H36,Quest.Utente8!H36,Quest.Utente9!H36,Quest.Utente10!H36) -> 0
A53: T1_MOT1 | B53: Quanto è facile per te compiere i passi necessari per creare l'account e impostare le preferenze? | C53: =AVERAGE(Quest.Utente1!H37,Quest.Utente2!H37,Quest.Utente3!H37,Quest.Utente4!H37,Quest.Utente5!H37,Quest.Utente6!H37,Quest.Utente7!H37,Quest.Utente8!H37,Quest.Utente9!H37,Quest.Utente10!H37) -> 4.4
A54: T1_MOT2 | B54: Quanto è facile per te correggere eventuali errori durante la creazione dell'account o l'impostazione delle preferenze? | C54: =AVERAGE(Quest.Utente1!H38,Quest.Utente2!H38,Quest.Utente3!H38,Quest.Utente4!H38,Quest.Utente5!H38,Quest.Utente6!H38,Quest.Utente7!H38,Quest.Utente8!H38,Quest.Utente9!H38,Quest.Utente10!H38) -> 3.9
C55: =AVERAGE(C53:C54) -> 4.15
A56: T2_MOT1 | B56: Quanto è facile per te compiere le azioni per loggare velocemente il tuo umore? | C56: =AVERAGE(Quest.Utente1!H39,Quest.Utente2!H39,Quest.Utente3!H39,Quest.Utente4!H39,Quest.Utente5!H39,Quest.Utente6!H39,Quest.Utente7!H39,Quest.Utente8!H39,Quest.Utente9!H39,Quest.Utente10!H39) -> 4.2
A57: T2_MOT2 | B57: Quanto è facile per te correggere un errore se sbagli a loggare l'umore? | C57: =AVERAGE(Quest.Utente1!H40,Quest.Utente2!H40,Quest.Utente3!H40,Quest.Utente4!H40,Quest.Utente5!H40,Quest.Utente6!H40,Quest.Utente7!H40,Quest.Utente8!H40,Quest.Utente9!H40,Quest.Utente10!H40) -> 4.1
C58: =AVERAGE(C56:C57) -> 4.15
A59: T3_MOT1 | B59: Quanto è facile per te iniziare e completare una sessione di scrittura guidata quando proposto dall'app? | C59: =AVERAGE(Quest.Utente1!H41,Quest.Utente2!H41,Quest.Utente3!H41,Quest.Utente4!H41,Quest.Utente5!H41,Quest.Utente6!H41,Quest.Utente7!H41,Quest.Utente8!H41,Quest.Utente9!H41,Quest.Utente10!H41) -> 4.2
A60: T3_MOT2 | B60: Quanto è facile per te modificare o correggere quello che hai scritto in risposta a un prompt? | C60: =AVERAGE(Quest.Utente1!H42,Quest.Utente2!H42,Quest.Utente3!H42,Quest.Utente4!H42,Quest.Utente5!H42,Quest.Utente6!H42,Quest.Utente7!H42,Quest.Utente8!H42,Quest.Utente9!H42,Quest.Utente10!H42) -> 3.8
C61: =AVERAGE(C59:C60) -> 4
A62: T4_MOT1 | B62: Quanto è facile per te decidere di usare e poi effettivamente scrivere nel diario libero? | C62: =AVERAGE(Quest.Utente1!H43,Quest.Utente2!H43,Quest.Utente3!H43,Quest.Utente4!H43,Quest.Utente5!H43,Quest.Utente6!H43,Quest.Utente7!H43,Quest.Utente8!H43,Quest.Utente9!H43,Quest.Utente10!H43) -> 3.9
A63: T4_MOT2 | B63: Quanto è facile per te modificare, cancellare o correggere le tue note nel diario libero? | C63: =AVERAGE(Quest.Utente1!H44,Quest.Utente2!H44,Quest.Utente3!H44,Quest.Utente4!H44,Quest.Utente5!H44,Quest.Utente6!H44,Quest.Utente7!H44,Quest.Utente8!H44,Quest.Utente9!H44,Quest.Utente10!H44) -> 4.2
C64: =AVERAGE(C62:C63) -> 4.05
A65: T5_MOT1 | B65: Quanto è facile per te accedere e scorrere le tue registrazioni passate quando vuoi farlo? | C65: =AVERAGE(Quest.Utente1!H45,Quest.Utente2!H45,Quest.Utente3!H45,Quest.Utente4!H45,Quest.Utente5!H45,Quest.Utente6!H45,Quest.Utente7!H45,Quest.Utente8!H45,Quest.Utente9!H45,Quest.Utente10!H45) -> 4.3
A66: T5_MOT2 | B66: Quanto è facile per te orientarti e non perderti mentre consulti le tue registrazioni passate? | C66: =AVERAGE(Quest.Utente1!H46,Quest.Utente2!H46,Quest.Utente3!H46,Quest.Utente4!H46,Quest.Utente5!H46,Quest.Utente6!H46,Quest.Utente7!H46,Quest.Utente8!H46,Quest.Utente9!H46,Quest.Utente10!H46) -> 3.9
C67: =AVERAGE(C65:C66) -> 4.1
A68: T6_MOT1 | B68: Quanto è facile per te accedere alle visualizzazioni dei pattern quando sei interessato a vederle? | C68: =AVERAGE(Quest.Utente1!H47,Quest.Utente2!H47,Quest.Utente3!H47,Quest.Utente4!H47,Quest.Utente5!H47,Quest.Utente6!H47,Quest.Utente7!H47,Quest.Utente8!H47,Quest.Utente9!H47,Quest.Utente10!H47) -> 4.3
A69: T6_MOT2 | B69: Quanto è facile per te capire come interagire con i grafici (es. cambiare periodo, vedere dettagli) se necessario? | C69: =AVERAGE(Quest.Utente1!H48,Quest.Utente2!H48,Quest.Utente3!H48,Quest.Utente4!H48,Quest.Utente5!H48,Quest.Utente6!H48,Quest.Utente7!H48,Quest.Utente8!H48,Quest.Utente9!H48,Quest.Utente10!H48) -> 4.1
C70: =AVERAGE(C68:C69) -> 4.2
A71: T7_MOT1 | B71: Quanto è facile per te decidere di iniziare e poi completare un esercizio breve quando senti di averne bisogno? | C71: =AVERAGE(Quest.Utente1!H49,Quest.Utente2!H49,Quest.Utente3!H49,Quest.Utente4!H49,Quest.Utente5!H49,Quest.Utente6!H49,Quest.Utente7!H49,Quest.Utente8!H49,Quest.Utente9!H49,Quest.Utente10!H49) -> 4
A72: T7_MOT2 | B72: Quanto è facile per te ripetere un esercizio o provarne uno diverso se il primo non ti ha soddisfatto? | C72: =AVERAGE(Quest.Utente1!H50,Quest.Utente2!H50,Quest.Utente3!H50,Quest.Utente4!H50,Quest.Utente5!H50,Quest.Utente6!H50,Quest.Utente7!H50,Quest.Utente8!H50,Quest.Utente9!H50,Quest.Utente10!H50) -> 4.7
C73: =AVERAGE(C71:C72) -> 4.35

Sheet TabRisultati
A1: Task | B1: ISE | C1: IKS | D1: IPC | E1: IMOT
A2: T1 Registrazione/Profilazione | B2: 0 | C2: =MEDIE!C23 -> 3.8 | D2: 0 | E2: =MEDIE!C55 -> 4.15
A3: T2 Registrazione Umore | B3: =MEDIE!C4 -> 4.6 | C3: =MEDIE!C26 -> 3.8 | D3: 0 | E3: =MEDIE!C58 -> 4.15
A4: T3 Scrittura Guidata | B4: =MEDIE!C7 -> 4.15 | C4: =MEDIE!C29 -> 4.3 | D4: =MEDIE!C45 -> 3.7 | E4: =MEDIE!C61 -> 4
A5: T4 Scrittura Libera | B5: =MEDIE!C10 -> 3.95 | C5: =MEDIE!C32 -> 3.7 | D5: =MEDIE!C48 -> 3.85 | E5: =MEDIE!C64 -> 4.05
A6: T5 Revisione Ingressi | B6: =MEDIE!C13 -> 4.25 | C6: =MEDIE!C35 -> 4.05 | D6: 0 | E6: =MEDIE!C67 -> 4.1
A7: T6 Visualizzazione Pattern | B7: =MEDIE!C16 -> 3.95 | C7: =MEDIE!C38 -> 3.95 | D7: 0 | E7: =MEDIE!C70 -> 4.2
